"genes","Freq","Arf1_IFNg_KO.h5","Arf1_KO.h5","IFNg_KO.h5","WT.h5","regulation","Arf1.vs.all"
"Gh",14,0.000528780782595558,12.7381231289861,0.00304856433888692,0.00712054057981545,"up-regulated","up-regulated"
"Prl",14,0.000906481341592386,2.86893140700247,0.000850762141084722,0.0380730945288091,"up-regulated","up-regulated"
"Ttr",14,3.86772926423931,9.91240400885071,6.18128323289614,3.20765821405217,"up-regulated","up-regulated"
"Apod",12,0.43450672306995,1.37862814004946,0.418433179723502,0.532224079052532,"up-regulated","up-regulated"
"Cst3",12,164.252908294304,78.175061824808,178.985395249911,117.602848216232,"down-regulated","down-regulated"
"Fcrls",12,2.60492521528932,2.58570870753612,0.957107408720312,4.71081886216668,"down-regulated","notAll"
"Pomc",12,0.0119353376642997,0.493557204217103,0.0116979794399149,0.0118433481072441,"up-regulated","up-regulated"
"Chgb",11,0.000604320894394924,0.134713002733307,0.000496277915632754,0.00486812468211872,"up-regulated","up-regulated"
"Cga",10,0.000453240670796193,0.103084732526357,0.00021269053527118,0.00842839497202645,"up-regulated","up-regulated"
"Hbb-bs",10,108.290300649645,67.4429259403879,181.226657213754,116.800697522343,"down-regulated","down-regulated"
"Olfml3",10,3.69874603414413,2.93778471951061,2.72782701169798,4.4996003778246,"down-regulated","notAll"
"Arf1",9,0.636500982021453,0.33502538071066,0.721020914569302,0.583375717503451,"down-regulated","down-regulated"
"Gm26825",9,2.06632421815984,0.355850579200833,2.91683800070897,0.0308072367943036,"up-regulated","notAll"
"Hbb-bt",9,19.3736213929597,9.89977873226604,18.5519319390287,21.0507883455642,"down-regulated","down-regulated"
"mt-Atp6",9,11.8860099712948,16.6928283222699,13.3481744062389,10.8341931264986,"up-regulated","up-regulated"
"mt-Nd3",9,1.76650551442816,2.18482363660029,1.98993264799716,1.44881203226041,"up-regulated","up-regulated"
"P2ry12",9,3.86327239764315,2.88428999088898,4.40758596242467,4.47010099542251,"down-regulated","down-regulated"
"Ucp2",9,1.08656896812207,1.25497852401406,1.27422899680964,0.747511443725932,"up-regulated","notAll"
"Apoe",8,39.4706904366218,44.8999088897566,36.3488124778447,17.5912228438567,"up-regulated","up-regulated"
"Csf1r",8,7.18620637558544,6.09124040088507,7.31052818149592,7.25677541233743,"down-regulated","down-regulated"
"Marcks",8,2.91056050762955,2.39619940127554,2.71237149946827,3.30901692944852,"down-regulated","down-regulated"
"Rbm3",8,0.254192476204865,0.677469738383444,0.31896490606168,0.315410884254886,"up-regulated","up-regulated"
"Rpl14",8,2.07236742710379,2.68983469998698,1.76157390996101,1.90321877497639,"up-regulated","up-regulated"
"Sirpa",8,1.38797401420154,1.24157230248601,1.36866359447005,1.81639177504904,"down-regulated","down-regulated"
"Sult1a1",8,0.198972654479529,0.303006638032019,0.220985466146756,0.133183172273487,"up-regulated","up-regulated"
"Cx3cr1",7,6.10031726846956,5.20838214239229,6.66976249556895,6.37666206495677,"down-regulated","down-regulated"
"Ecscr",7,0.386463211965554,0.338409475465313,0.375398794753633,0.636489137542687,"down-regulated","down-regulated"
"Gm42418",7,1.98693156065871,2.77378628140049,2.01800779865296,3.47228075274286,"down-regulated","notAll"
"Hspa1b",7,3.0361837135519,2.78992581023038,3.77965260545906,4.60175833757175,"down-regulated","down-regulated"
"Ighm",7,0.630684393412902,0.484966809839906,0.554058844381425,0.80425779263242,"down-regulated","down-regulated"
"Itm2b",7,10.2503399305031,9.16829363529871,8.76221198156682,10.1316573421492,"down-regulated","notAll"
"Laptm5",7,5.00543888804955,4.27931797474945,4.55008862105636,5.25052677468575,"down-regulated","down-regulated"
"Lgals3bp",7,0.386840912524551,0.856566445398933,0.166253101736973,0.341931264985832,"up-regulated","up-regulated"
"Lpcat2",7,1.51692098504306,1.2884289990889,1.43169088975541,1.76393228220591,"down-regulated","down-regulated"
"Lst1",7,0.44757516241124,0.257972146297019,0.366678482807515,0.513914117561578,"down-regulated","down-regulated"
"Malat1",7,59.6643752832754,48.2056488350905,59.3990783410138,57.8017874010027,"down-regulated","down-regulated"
"mt-Nd1",7,5.19300498564738,6.36470128855916,5.53562566465792,4.32827145244496,"up-regulated","up-regulated"
"Rpl9",7,1.91176914941834,2.28192112456072,1.71868131868132,1.67027537600814,"up-regulated","up-regulated"
"Rps19",7,3.19700861157275,4.12143693869582,2.60042538107054,2.93889413645281,"up-regulated","up-regulated"
"Rpsa",7,3.23145490255326,4.17363009241182,2.66260191421482,2.80316791397224,"up-regulated","up-regulated"
"S100a8",7,0.634008158332074,0.253807106598985,0.937752570010635,0.772142701445906,"down-regulated","down-regulated"
"Siglech",7,2.01979150929143,1.56462319406482,1.8811768876285,2.19741335464652,"down-regulated","down-regulated"
"Slc2a5",7,0.122903761897568,0.281010022126773,0.0533144275079759,0.612221172709438,"down-regulated","notAll"
"Xist",7,0.039885179030065,4.02668228556553,0.028287841191067,4.75543122865654,"down-regulated","notAll"
"Adgrg1",6,0.643903912977791,0.450865547312248,0.718468628146048,0.739809634527356,"down-regulated","down-regulated"
"Aif1",6,1.55121619579997,1.26942600546661,1.4110599078341,1.76451355082467,"down-regulated","down-regulated"
"Cebpb",6,1.25094425139749,1.75348171287258,1.42963488124778,1.06023396061905,"up-regulated","up-regulated"
"Cltc",6,0.518658407614443,0.4992841338019,0.493938319744771,0.690474460510063,"down-regulated","notAll"
"Eef1a1",6,8.17177821423176,9.40075491344527,6.97199574618929,6.84843420765821,"up-regulated","up-regulated"
"Enpp2",6,0.304275570327844,0.518807757386438,0.450336760014179,0.241371793940275,"up-regulated","up-regulated"
"Fkbp5",6,0.103263332829733,0.218794741637381,0.199078341013825,0.066700574002761,"up-regulated","up-regulated"
"Fscn1",6,0.664828523946215,0.463881296368606,0.543069833392414,0.734796192690547,"down-regulated","down-regulated"
"Gm47283",6,0.159918416679257,0.169595210204347,0.244097837646225,0.0746930175107171,"up-regulated","notAll"
"Gpr34",6,2.52032029007403,1.73799297149551,2.47507975895073,2.46835718956623,"down-regulated","down-regulated"
"Guk1",6,0.107569119202296,0.235064427957829,0.0906061680255229,0.0919131003414953,"up-regulated","up-regulated"
"Hexa",6,2.69255174497658,1.82663022256931,2.4907479617157,2.24158976967231,"down-regulated","down-regulated"
"Hsp90aa1",6,7.84604925215289,9.59195626708317,9.59666784828075,11.8464724260699,"down-regulated","notAll"
"Hsph1",6,0.690134461399003,0.620721072497722,0.781070542360865,1.25517692363584,"down-regulated","down-regulated"
"Ifi27l2a",6,0.359948632723976,0.654952492515944,0.131088266572138,0.257574656688222,"up-regulated","up-regulated"
"Macf1",6,0.594727300196404,0.519328387348692,0.578660049627792,0.740536220300806,"down-regulated","down-regulated"
"mt-Cytb",6,8.08792869013446,10.8281921124561,8.63374689826303,7.36133110513696,"up-regulated","up-regulated"
"mt-Nd4",6,5.01102885632271,5.93218794741637,5.17887274016306,4.23563176633002,"up-regulated","up-regulated"
"P2ry13",6,0.884348088835171,0.710920213458284,0.875363346331088,1.14422727602994,"down-regulated","down-regulated"
"Plxdc2",6,1.02069799063303,0.95965117792529,0.893583835519319,1.33350287001381,"down-regulated","notAll"
"Ptgds",6,0.230472881099864,0.435376805935182,0.126267281105991,0.274794739519,"up-regulated","up-regulated"
"Rpl12",6,2.71355189605681,3.72758037225042,2.20843672456576,2.65349124464143,"up-regulated","up-regulated"
"Rpl17",6,2.75109533162109,3.41832617467135,2.26139666784828,2.47271670420693,"up-regulated","up-regulated"
"Rpl22l1",6,0.471974618522435,0.699466354288689,0.440127614321163,0.424180774540435,"up-regulated","up-regulated"
"Rpl23",6,5.10318779271793,6.44513861772745,3.9919177596597,4.58679067063867,"up-regulated","up-regulated"
"Rpl32",6,3.99221936848467,5.27866718729663,3.24374335342077,3.52793722298917,"up-regulated","up-regulated"
"Rpl36",6,2.00120864178879,2.61694650527138,1.77617866004963,1.85097725786529,"up-regulated","up-regulated"
"Rps11",6,4.36750264390391,4.99193023558506,3.74874158099965,3.84233088716123,"up-regulated","up-regulated"
"Rps20",6,3.44417585738027,4.28569569178706,2.81963842609004,3.1954515730582,"up-regulated","up-regulated"
"Rps28",6,2.31855265145792,2.7033710790056,2.07486706841546,1.90954007120541,"up-regulated","up-regulated"
"Rps7",6,1.57818401571234,1.91409605622804,1.2088621056363,1.35936932354864,"up-regulated","up-regulated"
"S100a9",6,0.931711738933374,0.327736561239099,1.48138957816377,0.98045484269418,"down-regulated","down-regulated"
"Selenop",6,3.0352016920985,2.95314330339711,2.63388869195321,3.81675506793577,"down-regulated","notAll"
"Sparc",6,7.45837739839855,5.26291813093844,7.28798298475718,6.76444089224733,"down-regulated","down-regulated"
"Tmem119",6,3.52100015108022,2.80671612651308,3.96419709322935,3.59856136016857,"down-regulated","down-regulated"
"Basp1",5,2.10424535428312,1.74150722374073,1.88032612548742,2.32616435370195,"down-regulated","down-regulated"
"Bin1",5,1.56843934129023,1.24886112195757,1.34937965260546,1.67245513332849,"down-regulated","down-regulated"
"Col27a1",5,0.319987913582112,0.245737342184043,0.36944345976604,0.392719610550025,"down-regulated","down-regulated"
"Ctsl",5,3.43420456262275,4.38760900689835,2.37171215880893,3.28206059725351,"up-regulated","up-regulated"
"Cyth4",5,1.30012086417888,1.00598724456592,1.11308046791918,1.28438567172855,"down-regulated","down-regulated"
"Egr1",5,1.71506269829279,2.29780033840948,2.00163062743708,3.24522269853956,"down-regulated","notAll"
"Fam102b",5,0.345444931258498,0.41858648965248,0.216448068060971,0.657342149240718,"down-regulated","notAll"
"Fth1",5,13.3841970086116,16.9686320447742,11.0731655441333,12.6287873283441,"up-regulated","up-regulated"
"Hspb1",5,1.85488744523342,2.23948978263699,2.10400567174761,3.00363292886725,"down-regulated","notAll"
"Lag3",5,0.961474542982324,0.815176363399714,0.565189649060617,1.02484923345201,"down-regulated","notAll"
"Mpeg1",5,1.3211210152591,1.12000520629962,1.1889400921659,1.3115599796556,"down-regulated","down-regulated"
"mt-Co1",5,9.32270735760689,11.9534036183782,10.261963842609,8.36292959383855,"up-regulated","up-regulated"
"mt-Co2",5,11.3032180087627,14.3001431732396,13.192910315491,10.3509409285766,"up-regulated","up-regulated"
"mt-Co3",5,15.5368635745581,20.4737732656514,17.8899680964197,13.7788272905617,"up-regulated","up-regulated"
"mt-Nd2",5,5.09638918265599,6.31966679682416,5.07890818858561,4.54704642883092,"up-regulated","up-regulated"
"Nnat",5,0.143677292642393,0.35793309904985,0.251045728465083,0.214560778899949,"up-regulated","up-regulated"
"Qk",5,1.29362441456413,1.1308082780164,1.09826302729529,1.44982925234324,"down-regulated","notAll"
"Rack1",5,2.2258649342801,2.56670571391384,1.89408011343495,1.98394245440674,"up-regulated","up-regulated"
"Rpl10",5,1.52047137029763,1.70714564623194,1.41240694789082,1.3541379059798,"up-regulated","up-regulated"
"Rpl10a",5,2.5953316210908,3.04047897956527,2.15001772421127,2.14618905761825,"up-regulated","up-regulated"
"Rpl19",5,3.62449010424535,4.616165560328,2.93045019496632,3.47366126571242,"up-regulated","up-regulated"
"Rpl24",5,1.70048345671552,2.16738253286477,1.36540233959589,1.59398386979583,"up-regulated","up-regulated"
"Rpl35",5,0.419851941380873,0.531953663933359,0.423821339950372,0.312722516893119,"up-regulated","up-regulated"
"Rpl39",5,4.02319081432241,5.09228166080958,3.34328252392769,3.65712417350868,"up-regulated","up-regulated"
"Rpl6",5,2.71340081583321,3.23285175061825,2.30159517901453,2.4055801787401,"up-regulated","up-regulated"
"Rpl8",5,2.68681069647983,3.11219575686581,2.29875930521092,2.41102957204098,"up-regulated","up-regulated"
"Rps12",5,3.35352772322103,4.07692307692308,2.76121942573555,3.00348761171256,"up-regulated","up-regulated"
"Rps13",5,3.02530593745279,3.69829493687362,2.48138957816377,2.87277483106881,"up-regulated","up-regulated"
"Rps16",5,4.04917661278139,5.04086945203697,3.38170861396668,3.77018091985759,"up-regulated","up-regulated"
"Rps18",5,1.86470765976734,2.90042951971886,0.825948245303084,2.10637215723316,"up-regulated","up-regulated"
"Rps2",5,1.80737271491162,2.50969673304699,0.735909252038284,1.81065174743879,"up-regulated","up-regulated"
"Rps21",5,3.86108173440097,4.60314981127164,3.436866359447,3.61643537019545,"up-regulated","up-regulated"
"Rps27a",5,4.38004230246261,5.39984381101132,3.7320808224034,4.10230327690184,"up-regulated","up-regulated"
"Rps5",5,3.02439945611119,3.66106989457243,2.56100673520028,2.62479110659013,"up-regulated","up-regulated"
"Rps8",5,4.26106662637861,4.99674606273591,3.6339595887983,3.70871176342367,"up-regulated","up-regulated"
"Rtcb",5,0.395528025381478,0.461928934010152,0.375044310528181,0.262442781370341,"up-regulated","up-regulated"
"Srgn",5,0.769376038676537,1.12963686060133,0.769018078695498,0.762842403545739,"up-regulated","up-regulated"
"Tanc2",5,0.69761293246714,0.439151373161525,0.632045373980858,0.691346363438204,"down-regulated","down-regulated"
"Tgfbr1",5,1.73017072065267,1.22686450605232,1.59007444168734,1.57981544721354,"down-regulated","down-regulated"
"Tpt1",5,8.45127662788941,10.0061174020565,6.75951790145339,8.18440746930175,"up-regulated","up-regulated"
"Arhgap5",4,1.07523795135217,0.828712742418326,0.995108117688763,1.04475768364455,"down-regulated","down-regulated"
"Cfh",4,0.799743163619882,0.623714694780685,0.749805033676001,0.768437114001308,"down-regulated","down-regulated"
"Ckb",4,1.75313491463967,1.52518547442405,1.77079049982276,2.03255104265059,"down-regulated","down-regulated"
"Crybb1",4,0.975676084000604,1.01171417415072,0.854803261254874,0.939475405071569,"up-regulated","up-regulated"
"Ctsb",4,8.28508838193081,7.72211375764675,6.21524282169443,5.65668822204461,"up-regulated","notAll"
"Ddit4",4,0.186206375585436,0.248470649485878,0.2487061325771,0.0759282133255831,"up-regulated","notAll"
"Eef1b2",4,1.45346729113159,1.54067421580112,1.17100319035803,1.2388287437332,"up-regulated","up-regulated"
"Eef2",4,1.60145037014655,1.75751659508005,1.38943637008153,1.37949574947323,"up-regulated","up-regulated"
"Epb41l2",4,1.1547061489651,1.00468566966029,1.15193193902871,1.27196105500254,"down-regulated","down-regulated"
"F11r",4,0.425895150324823,0.521020434726018,0.431690889755406,0.693453462181211,"down-regulated","notAll"
"Golm1",4,0.683486931560659,0.611610048158271,0.653314427507976,0.807672745767638,"down-regulated","down-regulated"
"H2-D1",4,1.60945762199728,2.72484706494859,1.48160226869904,1.85540943108334,"up-regulated","up-regulated"
"Hba-a2",4,23.8259555824143,14.6481843030066,36.4261609358384,23.9159340260118,"down-regulated","down-regulated"
"Hexb",4,23.6505514428161,19.1724586749967,24.0241758241758,20.7560851558526,"down-regulated","down-regulated"
"Hmox1",4,1.03195346729113,1.20187426786412,1.38241758241758,1.46922909249437,"down-regulated","notAll"
"Hpgd",4,0.662788940927633,0.421710269426005,0.130733782346686,0.628642011189421,"down-regulated","notAll"
"Hpgds",4,0.877322858437831,0.819862033060003,0.843956043956044,1.09881566518928,"down-regulated","down-regulated"
"Hsp90ab1",4,4.13801178425744,4.73343745932578,4.23381779510812,5.52415897696723,"down-regulated","notAll"
"Hspa1a",4,17.8192325124641,16.2596641936743,17.0334633108827,19.8751725641212,"down-regulated","down-regulated"
"Hspd1",4,0.688925819610213,0.809319276324353,0.800496277915633,1.20896606844438,"down-regulated","notAll"
"Klk8",4,0.258573802689228,0.190290251203957,0.181779510811769,0.288672527791906,"down-regulated","notAll"
"Ly6e",4,1.31016769904819,2.39763113367174,0.421056362991847,2.1299861948703,"up-regulated","up-regulated"
"Mcl1",4,0.757063000453241,1.36496160354028,0.834597660404112,1.02078035312069,"up-regulated","up-regulated"
"Meg3",4,0.0336153497507176,0.380710659898477,0.0467210209145693,0.0552205187822422,"up-regulated","up-regulated"
"Nav2",4,0.635292340232664,0.360145776389431,0.511804324707551,0.545665915861367,"down-regulated","down-regulated"
"Ogfrl1",4,0.385254570176764,0.524274371990108,0.558808933002481,0.342439875027247,"up-regulated","notAll"
"Pdgfb",4,0.441305333131893,0.589222959781335,0.3837646224743,0.771997384291216,"down-regulated","notAll"
"Rgs10",4,2.40111799365463,2.1418716647143,2.21736972704715,2.86674416914917,"down-regulated","down-regulated"
"Rpl13",4,5.80669285390542,6.84263959390863,4.95802906770649,5.27137978638378,"up-regulated","up-regulated"
"Rpl15",4,2.03860099712948,2.38852010933229,1.69968096419709,1.78747366126571,"up-regulated","up-regulated"
"Rpl27a",4,4.68031424686509,5.9535337758688,4.13824884792627,4.64622538690692,"up-regulated","up-regulated"
"Rpl3",4,2.31145188094878,3.10959260705454,2.08727401630627,2.28038944997457,"up-regulated","up-regulated"
"Rpl36a",4,0.890995618673516,1.13601457763894,0.779298121233605,0.75136234832522,"up-regulated","up-regulated"
"Rpl37",4,3.34959963740746,4.09904985031889,2.93009571074087,3.09372956477512,"up-regulated","up-regulated"
"Rpl37a",4,3.94848164375283,4.64597162566706,3.1675292449486,3.57102375935479,"up-regulated","up-regulated"
"Rpl38",4,1.73266354434205,2.16842379278927,1.52782701169798,1.6128024413282,"up-regulated","up-regulated"
"Rpl4",4,1.35911769149418,1.54366783808408,1.1461183977313,1.27530334956042,"up-regulated","up-regulated"
"Rpl41",4,3.30412449010425,3.89860731485097,2.95880893300248,2.93627842766839,"up-regulated","up-regulated"
"Rplp0",4,3.09623810243239,4.1854744240531,2.4265863169089,3.1330378551188,"up-regulated","up-regulated"
"Rps10",4,3.95014352621242,4.96381621762332,3.38482807515066,3.81610114073966,"up-regulated","up-regulated"
"Rps15a",4,3.51389938057108,4.38461538461539,2.96816731655441,3.32304003487612,"up-regulated","up-regulated"
"Rps23",4,3.44372261670947,4.24573734218404,2.76781283232896,3.40790525321514,"up-regulated","up-regulated"
"Rps24",4,5.88215742559299,7.29428608616426,4.8509039347749,5.60996875681174,"up-regulated","up-regulated"
"Rps26",4,1.64684997733797,2.05805024079136,1.48060971286778,1.57509263968611,"up-regulated","up-regulated"
"Rps27",4,1.94258951503248,2.25354679161786,2.00248138957816,1.69628714669767,"up-regulated","up-regulated"
"Rps29",4,4.92423326786524,5.67877131328908,5.49542715349167,4.21521470609605,"up-regulated","up-regulated"
"Rps4x",4,4.48179483305635,5.315241442145,3.77993619283942,4.16973043667805,"up-regulated","up-regulated"
"Rps6",4,1.86244145641336,2.21124560718469,1.49982275788727,1.80571096417932,"up-regulated","up-regulated"
"Rps9",4,4.70010575615652,5.37901861252115,4.4021978021978,4.4268691419022,"up-regulated","up-regulated"
"Selplg",4,5.68265599033087,4.93609267213328,5.46926621765331,5.79960764368234,"down-regulated","down-regulated"
"Susd3",4,0.540262879589062,0.438110113237017,0.386813186813187,0.627116181065175,"down-regulated","notAll"
"Tcn2",4,1.08687112856927,1.01080307171678,1.07848280751507,0.809416551623919,"up-regulated","notAll"
"Trem2",4,5.48995316513068,5.59781335415853,5.6214108472173,6.14618905761825,"down-regulated","notAll"
"Tyrobp",4,6.94508233872186,6.9506703110764,5.55760368663594,7.11916006684589,"down-regulated","notAll"
"Vsir",4,2.40693458226318,2.1869061564493,2.47217298830202,2.66620649567681,"down-regulated","down-regulated"
"Acp2",3,0.227980057410485,0.176363399713654,0.185253456221198,0.242679648332486,"down-regulated","down-regulated"
"Anapc16",3,0.166414866294002,0.207340882467786,0.178021978021978,0.134999636707113,"up-regulated","up-regulated"
"Arhgef40",3,0.115198670494032,0.0709358323571522,0.121304501949663,0.141829542977548,"down-regulated","down-regulated"
"Atp6v0a2",3,0.176461701163318,0.128595600676819,0.161928394186459,0.183462907796265,"down-regulated","down-regulated"
"Bin2",3,0.492445988820063,0.412469087595991,0.485714285714286,0.642592458039672,"down-regulated","down-regulated"
"Blnk",3,0.621015259102583,0.458414681764936,0.635661113080468,0.565865000363293,"down-regulated","down-regulated"
"Bst2",3,0.400135972201239,0.577638943121177,0.180503367600142,0.389667950301533,"up-regulated","up-regulated"
"C5ar1",3,0.240746336304578,0.354418846804634,0.0830911024459412,0.222553222407905,"up-regulated","up-regulated"
"Camk1",3,0.921362743616861,0.693218794741637,0.927330733782347,0.890212889631621,"down-regulated","down-regulated"
"Ccl3",3,2.42619731077202,5.26278797344787,2.54299893654732,3.72738501780135,"up-regulated","up-regulated"
"Cd180",3,0.309261217706602,0.337888845503059,0.161148528890464,0.422073675797428,"down-regulated","notAll"
"Cd52",3,0.970388276174649,1.32135884420148,0.606664303438497,0.891157451137107,"up-regulated","up-regulated"
"Cd68",3,1.72412751170872,1.69842509436418,1.31017369727047,1.7289108479256,"down-regulated","notAll"
"Cmtm6",3,0.573953769451579,0.435116490954054,0.545267635590216,0.609314829615636,"down-regulated","down-regulated"
"Creg1",3,1.04373772473183,0.773005336457113,0.950443105281815,0.837099469592385,"down-regulated","down-regulated"
"Csf3r",3,0.464193987007101,0.356241051672524,0.455015951790145,0.421201772869287,"down-regulated","down-regulated"
"Cttnbp2nl",3,0.411466988971144,0.294416243654822,0.40545905707196,0.434280316791397,"down-regulated","down-regulated"
"Cyfip1",3,0.857380268922798,0.767408564362879,0.653881602268699,0.981690038509046,"down-regulated","notAll"
"Dnajb1",3,0.974845142770811,1.3291682936353,1.174902516838,1.71445179103393,"down-regulated","notAll"
"Dusp1",3,1.52016920985043,3.27033710790056,2.12009925558313,2.40274649422364,"up-regulated","up-regulated"
"Elmo1",3,0.518054086720048,0.424183261746714,0.528110599078341,0.624064520816682,"down-regulated","down-regulated"
"Eng",3,0.21672458075238,0.141611349733177,0.18915278270117,0.228438567172855,"down-regulated","down-regulated"
"Evi2a",3,0.49169058770207,0.443837042821814,0.325983693725629,0.610913318317227,"down-regulated","notAll"
"Fam110a",3,0.0899682731530443,0.0653390602629181,0.0650124069478908,0.123955532950665,"down-regulated","notAll"
"Fam91a1",3,0.168605529536184,0.139008199921905,0.182346685572492,0.220518782242244,"down-regulated","down-regulated"
"Fau",3,7.55537090194894,9.20031237797735,6.49060616802552,7.27799171692218,"up-regulated","up-regulated"
"Fcgr3",3,3.01760084604925,2.96043212286867,2.78220489188231,2.30087916878588,"up-regulated","notAll"
"Fchsd2",3,0.410787127964949,0.250553169334895,0.380574264445232,0.378260553658359,"down-regulated","down-regulated"
"Fgd2",3,0.512539658558695,0.397240661200052,0.54774902516838,0.532660030516602,"down-regulated","down-regulated"
"Ftl1",3,9.46902855416226,11.2716386828062,9.98128323289614,9.16486231199593,"up-regulated","up-regulated"
"Gnai2",3,2.14768091856776,1.98333984120786,2.01807869549805,2.17554312286565,"down-regulated","down-regulated"
"Gnas",3,1.20478924308808,1.5821944552909,1.09691598723857,1.54719174598561,"up-regulated","up-regulated"
"Gngt2",3,0.466837890920079,0.412338930105428,0.374973413683091,0.558671801206132,"down-regulated","notAll"
"Grn",3,3.56428463514126,3.5922165820643,3.09613612194257,2.79459420184553,"up-regulated","up-regulated"
"Ifitm3",3,0.279347333434053,0.430430821293765,0.197164126196384,0.273341567972099,"up-regulated","up-regulated"
"Il6st",3,0.178425744070101,0.154496941298972,0.167458348103509,0.254450337862385,"down-regulated","down-regulated"
"Inpp4b",3,0.115878531500227,0.0821293765456202,0.0974122651542006,0.154762769744968,"down-regulated","down-regulated"
"Irf8",3,1.67366671702674,1.42691656904855,1.43268344558667,1.64673399694834,"down-regulated","down-regulated"
"Itga6",3,0.590648134159239,0.466093973708187,0.36568592697625,0.644190946741263,"down-regulated","notAll"
"Itgam",3,0.44757516241124,0.40843420538852,0.455512229705778,0.614328271452445,"down-regulated","down-regulated"
"Kctd12",3,1.06194289167548,1.06598984771574,0.966820276497696,1.2770471554167,"down-regulated","notAll"
"Ldhb",3,1.18673515636803,1.00872055186776,1.6258064516129,1.27348688512679,"down-regulated","down-regulated"
"Lims1",3,0.2856927028252,0.24092151503319,0.264303438496987,0.339824166242825,"down-regulated","down-regulated"
"Lmo2",3,0.415319534672911,0.342704672653911,0.359872385678837,0.446414299208022,"down-regulated","down-regulated"
"Lrba",3,0.209170569572443,0.155277886242353,0.0500531726338178,0.315919494296302,"down-regulated","notAll"
"Lyz2",3,1.52296419398701,1.16556032799688,1.0590570719603,1.19218193707767,"down-regulated","notAll"
"Man2b1",3,1.96646019036108,1.93908629441624,2.04792626728111,1.54537528155199,"up-regulated","notAll"
"Mt1",3,1.48443873696933,2.16673174541195,1.76469337114498,1.55634672673109,"up-regulated","up-regulated"
"Mtdh",3,1.20342952107569,1.12195756865808,1.27642679900744,1.33037855118797,"down-regulated","down-regulated"
"Nckap1l",3,0.385330110288563,0.300663803201874,0.378234668557249,0.438712490009446,"down-regulated","down-regulated"
"Nr3c1",3,0.284861761595407,0.212807497071456,0.257142857142857,0.323766620649568,"down-regulated","down-regulated"
"Numa1",3,0.192174044417586,0.144084342053885,0.20184331797235,0.229310470100995,"down-regulated","down-regulated"
"Pdlim4",3,0.209925970690437,0.154106468827281,0.189294576391351,0.25524958221318,"down-regulated","down-regulated"
"Plxnb2",3,0.33449161504759,0.283613171938045,0.335483870967742,0.403763714306474,"down-regulated","down-regulated"
"Pmepa1",3,2.05884574709171,1.26981647793831,2.11577454803261,1.51435006902565,"down-regulated","down-regulated"
"Prex1",3,0.397114367729264,0.29142262137186,0.35136476426799,0.420547845673182,"down-regulated","down-regulated"
"Ptn",3,0.162562320592234,0.1293765456202,0.221978021978022,0.510571823003706,"down-regulated","down-regulated"
"Ptpn6",3,0.488517903006496,0.411037355199792,0.421836228287841,0.514204751870958,"down-regulated","down-regulated"
"Rab3il1",3,0.48693156065871,0.350514122087726,0.445586671393123,0.471917459856136,"down-regulated","down-regulated"
"Rasgrp3",3,0.369240066475298,0.291943251334114,0.403119461183977,0.377679285039599,"down-regulated","down-regulated"
"Rpl11",3,2.13944704638163,2.51047767799037,1.94874158099965,1.96701300588534,"up-regulated","up-regulated"
"Rpl18",3,2.66973863121317,3.24560718469348,2.26238922367955,2.57276756521107,"up-regulated","up-regulated"
"Rpl18a",3,4.54048949992446,5.72393596251464,3.68876285005317,4.5818498873792,"up-regulated","up-regulated"
"Rpl22",3,1.76114216649041,1.94598464141611,1.46430343849699,1.62573566809562,"up-regulated","up-regulated"
"Rpl26",3,3.69134310318779,4.52739815176363,1.81297412265154,3.64331904381312,"up-regulated","up-regulated"
"Rpl28",3,3.06232059223448,3.38019002993622,2.40425381070542,2.73995495168205,"up-regulated","up-regulated"
"Rpl29",3,0.728810998640278,1.76610698945724,0.0998936547323644,1.34629077962653,"up-regulated","up-regulated"
"Rpl30",3,3.94704638162864,4.96759078484967,3.11619992910315,4.0353120685897,"up-regulated","up-regulated"
"Rpl34",3,3.60167699048195,4.26122608356111,3.06189294576391,3.35631766330015,"up-regulated","up-regulated"
"Rpl35a",3,4.11134612479226,5.24951190941039,2.95519319390287,4.19574220736758,"up-regulated","up-regulated"
"Rpl7",3,2.52961172382535,2.78315762072107,2.08840836582772,2.31352176124391,"up-regulated","up-regulated"
"Rpl7a",3,1.15153346426953,1.36639333593648,1.00645161290323,1.06423018237303,"up-regulated","up-regulated"
"Rplp1",3,7.24558090345974,8.1054275673565,6.28606876993974,7.12693453462181,"up-regulated","up-regulated"
"Rplp2",3,2.25404139598127,2.7498373031368,2.04558667139312,2.26927268764078,"up-regulated","up-regulated"
"Rps14",3,4.05423780027194,5.42249121436939,3.09861751152074,4.69338080360387,"up-regulated","up-regulated"
"Rps25",3,2.12056201843179,2.6708317063647,1.86976249556895,2.11581777228802,"up-regulated","up-regulated"
"Rps3",3,3.57334944855718,3.95223220096317,3.11272598369373,3.31533822567754,"up-regulated","up-regulated"
"Rps3a1",3,3.86009971294758,4.32096837172979,3.15490960652251,3.64004940783259,"up-regulated","up-regulated"
"Rtn4rl1",3,0.181522888653875,0.141220877261486,0.0869904289259128,0.22277119813994,"down-regulated","notAll"
"Sec14l1",3,0.195648889560357,0.135754262657816,0.191634172279334,0.192545229964397,"down-regulated","down-regulated"
"Serpine2",3,0.876340836984439,0.920083300793961,0.792484934420418,0.991571605027974,"down-regulated","notAll"
"Slc12a2",3,0.214609457621997,0.149941429129246,0.181283232896136,0.23541379059798,"down-regulated","down-regulated"
"Slc29a3",3,0.613385707810848,0.44657035012365,0.605813541297412,0.581849887379205,"down-regulated","down-regulated"
"Slc40a1",3,0.211436772926424,0.144344657035012,0.235448422545197,0.236939620722226,"down-regulated","down-regulated"
"Smap2",3,0.739462154403989,0.742938956136926,0.69195320808224,1.00414153890867,"down-regulated","notAll"
"Spp1",3,0.804048949992446,0.871144084342054,0.228500531726338,0.238683426578508,"up-regulated","up-regulated"
"Timp2",3,1.44757516241124,1.428868931407,1.17171215880893,1.43478892683281,"down-regulated","notAll"
"Tmem176a",3,1.5361837135519,0.914096056228036,1.40389932647997,0.866598851994478,"up-regulated","notAll"
"Tmem176b",3,2.14760537845596,1.5146427176884,2.10301311591634,1.41349996367071,"up-regulated","notAll"
"Tsc22d3",3,0.330185828675026,0.561499414291292,0.581141439205955,0.383782605536584,"up-regulated","notAll"
"Unc93b1",3,2.39016467744372,2.06221528048939,2.28862105636299,2.46806655525685,"down-regulated","down-regulated"
"Upk1b",3,0.0282520018129627,0.0283743329428609,0.00255228642325417,0.106226840078471,"down-regulated","notAll"
"Abhd12",2,2.02659011935338,1.76454509957048,1.66806097128678,1.93075637579016,"down-regulated","notAll"
"Abi3",2,0.85594500679861,0.656384224912144,0.798936547323644,0.821768509772579,"down-regulated","down-regulated"
"AC160336.1",2,1.10998640277988,1.19068072367565,1.2694080113435,0.975732035166751,"up-regulated","notAll"
"Adgre1",2,0.459057259404744,0.362228296238449,0.548032612548742,0.47053694688658,"down-regulated","down-regulated"
"Adrb1",2,0.239159993956791,0.254848366523493,0.228429634881248,0.189784204025285,"up-regulated","up-regulated"
"Akap13",2,0.461625623205922,0.385786802030457,0.430060262318327,0.499818353556637,"down-regulated","down-regulated"
"Alox5ap",2,0.682353829883668,0.771964076532604,0.662247429989365,0.694615999418731,"up-regulated","up-regulated"
"Arid1a",2,0.278365311980662,0.234804112976702,0.269408011343495,0.33313957712708,"down-regulated","down-regulated"
"Asb2",2,0.103112252606134,0.0648184303006638,0.102942219071251,0.11138559906997,"down-regulated","down-regulated"
"Atp8a2",2,0.161202598579846,0.134322530261617,0.130237504431053,0.182300370558744,"down-regulated","notAll"
"Bag3",2,0.259178123583623,0.272549785240141,0.300673520028359,0.433917023904672,"down-regulated","notAll"
"Bhlhe41",2,0.399833811754041,0.424313419237277,0.462885501595179,0.304366780498438,"up-regulated","notAll"
"Bmyc",2,0.38925819610213,0.263048288428999,0.429493087557604,0.32006103320497,"down-regulated","down-regulated"
"Calm2",2,1.17563075993352,1.01522842639594,1.10166607585962,1.29245077381385,"down-regulated","down-regulated"
"Cbl",2,0.236667170267412,0.197709228166081,0.188372917405175,0.297827508537383,"down-regulated","notAll"
"Ccdc50",2,0.232739084453845,0.161525445789405,0.211272598369373,0.224079052532151,"down-regulated","down-regulated"
"Ccl12",2,0.545928387974014,0.630222569308864,0.45771003190358,0.648695778536656,"down-regulated","notAll"
"Ccl9",2,0.261444326937604,0.396850188728361,0.108755760368664,0.483106880767275,"down-regulated","notAll"
"Cd14",2,1.21189001359722,1.13276064037485,1.13498759305211,0.887669839424544,"up-regulated","notAll"
"Cd300lf",2,0.0449463665206224,0.083430951451256,0.0683445586671393,0.0217249146261716,"up-regulated","up-regulated"
"Cd63",2,2.64058014805862,2.24261356241052,1.9092520382843,1.68342657850759,"up-regulated","notAll"
"Cd83",2,1.09487838042,1.65742548483665,1.13789436370082,1.37942309089588,"up-regulated","up-regulated"
"Cd9",2,3.67427103792114,3.30600026031498,2.35774548032613,3.07098743006612,"up-regulated","notAll"
"Cdc42",2,1.28675026439039,1.09032929845113,1.19198865650479,1.26847344328998,"down-regulated","down-regulated"
"Cirbp",2,0.131137634083698,0.249381751919823,0.180503367600142,0.168640558017874,"up-regulated","up-regulated"
"Clip1",2,0.245656443571536,0.287257581673825,0.238709677419355,0.360749836518201,"down-regulated","notAll"
"Clstn1",2,0.111799365463061,0.099310165300013,0.12258064516129,0.151856426651166,"down-regulated","down-regulated"
"Cmtm7",2,0.733494485571839,0.548223350253807,0.736689117334279,0.642083847998256,"down-regulated","down-regulated"
"Cox4i1",2,1.40716120259858,1.56631524144215,1.2841545551223,1.38785148586791,"up-regulated","up-regulated"
"Csnk1e",2,0.475222843329808,0.420929324482624,0.48826657213754,0.513914117561578,"down-regulated","down-regulated"
"Ctsc",2,1.60379211361233,1.25914356371209,1.37830556540234,1.04926251543995,"up-regulated","notAll"
"Ddx17",2,0.163166641486629,0.117662371469478,0.161006735200284,0.191745985613602,"down-regulated","down-regulated"
"Ddx3x",2,0.451956488895604,0.711961473382793,0.491456930166608,0.931846254450338,"down-regulated","notAll"
"Dock10",2,0.507025230397341,0.369517115710009,0.496845090393478,0.478238756085156,"down-regulated","down-regulated"
"Dock2",2,0.337664299743164,0.280489392164519,0.27919177596597,0.348761171256267,"down-regulated","notAll"
"Dst",2,0.446366520622451,0.5218013796694,0.442183622828784,0.572258955169658,"down-regulated","notAll"
"Dusp7",2,0.112781386916453,0.0913705583756345,0.0676355902162354,0.152437695269927,"down-regulated","notAll"
"Eif1",2,2.166414866294,2.46075751659508,2.09627791563275,2.31911647169948,"up-regulated","up-regulated"
"Eif4a1",2,1.14511255476658,1.30365742548484,1.12442396313364,1.07113274722081,"up-regulated","up-regulated"
"Eif4g2",2,0.455884574709171,0.410646882728101,0.469549805033676,0.504395843929376,"down-regulated","down-regulated"
"Ets1",2,0.108928841214685,0.122998828582585,0.0481389578163772,0.188113056746349,"down-regulated","notAll"
"Evl",2,0.413808732436924,0.305349472862163,0.38192130450195,0.399622175397806,"down-regulated","down-regulated"
"Fam46c",2,0.456942136274362,0.494858779122739,0.483516483516484,0.548354283223135,"down-regulated","notAll"
"Fcer1g",2,4.22798005741048,4.84133801900299,3.40850762141085,4.97326164353702,"down-regulated","notAll"
"Fosb",2,0.518507327390844,1.13601457763894,0.68294930875576,1.23991862239337,"down-regulated","notAll"
"Frmd4a",2,0.918794379815682,0.646101783157621,0.842609003899326,0.815447213543559,"down-regulated","down-regulated"
"Gm13889",2,0.447424082187642,0.290771833919042,0.355547678128323,0.376952699266148,"down-regulated","down-regulated"
"Gm32849",2,0.139975827164224,0.0838214239229468,0.11534916696207,0.127806437549953,"down-regulated","down-regulated"
"Gpr65",2,0.0901948934884424,0.146036704412339,0.0843672456575682,0.071931991571605,"up-regulated","up-regulated"
"Hba-a1",2,30.692400664753,20.9086294416244,45.8367954626019,31.3342294557873,"down-regulated","down-regulated"
"Hnrnph1",2,0.242106058316966,0.223089938825979,0.242821694434598,0.303349560415607,"down-regulated","down-regulated"
"Hnrnpul1",2,0.239386614292189,0.194455290901991,0.243956043956044,0.262515439947686,"down-regulated","down-regulated"
"Hvcn1",2,0.2976280404895,0.274502147598594,0.248351648351648,0.314611639904091,"down-regulated","notAll"
"Ier3",2,0.529687263937151,1.20669009501497,0.5062743707905,0.66024849233452,"up-regulated","up-regulated"
"Ier5",2,1.72745127662789,1.99492385786802,1.89138603332152,2.19792196468793,"down-regulated","notAll"
"Il1b",2,0.215289318628192,0.322400104125992,0.237008153137185,0.148950083557364,"up-regulated","up-regulated"
"Irf2bp2",2,0.377247318326031,0.434986333463491,0.420630981921304,0.334956041560706,"up-regulated","up-regulated"
"Irf7",2,0.0521982172533615,0.0956657555642327,0.0278624601205246,0.0401801932718157,"up-regulated","up-regulated"
"Ivns1abp",2,0.549780933675782,0.428999088897566,0.518185040765686,0.577563031315847,"down-regulated","down-regulated"
"Jam2",2,0.147831998791358,0.1082910321489,0.161006735200284,0.16355445760372,"down-regulated","down-regulated"
"Jmjd1c",2,0.616029611723825,0.657165169855525,0.633392414037575,0.793794957494732,"down-regulated","notAll"
"Klhdc8b",2,0.108853301102886,0.0808278016399844,0.0595533498759305,0.140957640049408,"down-regulated","notAll"
"Lcp1",2,1.14420607342499,1.04399323181049,1.09996455157745,1.1939984015113,"down-regulated","down-regulated"
"Lhfpl2",2,0.367502643903913,0.223089938825979,0.404324707550514,0.313376444089225,"down-regulated","down-regulated"
"Lifr",2,0.12139295966158,0.134713002733307,0.125203828429635,0.0882075128968975,"up-regulated","up-regulated"
"Limd2",2,0.584227224656293,0.464662241311988,0.493938319744771,0.547191745985614,"down-regulated","down-regulated"
"Lpcat3",2,0.311829581507781,0.254457894051803,0.34420418291386,0.326309670856645,"down-regulated","down-regulated"
"Man1c1",2,0.224203051820517,0.158141351034752,0.207089684509039,0.207076945433408,"down-regulated","down-regulated"
"Mgat1",2,0.199803595709322,0.177144344657035,0.200212690535271,0.238320133691782,"down-regulated","down-regulated"
"Ms4a6c",2,0.136047741350657,0.221137576467526,0.121871676710386,0.106590132965197,"up-regulated","up-regulated"
"Mtss1",2,0.193382686206376,0.132760640374854,0.202056008507621,0.211581777228802,"down-regulated","down-regulated"
"Myh9",2,0.313415923855567,0.259664193674346,0.290960652250975,0.354501198866526,"down-regulated","down-regulated"
"Myo1f",2,0.237724731832603,0.156319146166862,0.2162353775257,0.196904744605101,"down-regulated","down-regulated"
"Nav3",2,0.382232965704789,0.29142262137186,0.317546969159872,0.442854028918114,"down-regulated","down-regulated"
"Neurl3",2,0.579166037165735,0.683587140439932,0.517972350230415,0.743442563394609,"down-regulated","notAll"
"Nfkbia",2,1.40701012237498,2.49316673174541,1.68543069833392,2.15607062413718,"up-regulated","up-regulated"
"Nrp1",2,0.298610061942892,0.254848366523493,0.14597660404112,0.30066119305384,"down-regulated","notAll"
"Ntpcr",2,0.459434959963741,0.398281921124561,0.532364409783765,0.46465160212163,"down-regulated","down-regulated"
"Nuak1",2,0.157350052878078,0.133671742808799,0.170294221907125,0.180919857589188,"down-regulated","down-regulated"
"P2ry6",2,0.847711134612479,0.636339971365352,0.775469691598724,0.552350504977113,"up-regulated","notAll"
"Pik3ip1",2,0.0688170418492219,0.129767018091891,0.0818149592343141,0.0629223279808181,"up-regulated","up-regulated"
"Pip4k2a",2,0.357229188699199,0.269556162957178,0.359659695143566,0.378260553658359,"down-regulated","down-regulated"
"Pla2g15",2,0.682731530442665,0.457894051802681,0.739383197447714,0.552859115018528,"down-regulated","down-regulated"
"Plcl2",2,0.186281915697235,0.113497331771443,0.184331797235023,0.171546901111676,"down-regulated","down-regulated"
"Pld4",2,1.59661580299139,1.5965117792529,1.55434243176179,1.75615781442999,"down-regulated","notAll"
"Plek",2,0.521528931862819,0.772354549004295,0.551861042183623,0.769672309816174,"up-regulated","up-regulated"
"Pou2f2",2,0.903384197008612,0.718859820382663,0.878199220134704,0.866526193417133,"down-regulated","down-regulated"
"Ppp1r9b",2,0.101601450370147,0.0826500065078745,0.0986175115207373,0.133982416624283,"down-regulated","down-regulated"
"Prrc2a",2,0.17026741199577,0.149160484185865,0.159092520382843,0.211872411538182,"down-regulated","down-regulated"
"Psap",2,6.50596766883215,5.96720031237798,6.2590570719603,5.36554530262297,"up-regulated","notAll"
"Ptma",2,1.98179483305635,2.33177144344657,2.07692307692308,2.10760735304803,"up-regulated","up-regulated"
"Ptpn18",2,0.678350203958302,0.662241311987505,0.546614675646934,0.743297246239919,"down-regulated","notAll"
"Ptprc",2,0.718084302764768,0.649876350383965,0.654448777029422,0.728402237884182,"down-regulated","down-regulated"
"Pycard",2,0.743616860552954,0.61629571781856,0.338461538461538,0.728765530770908,"down-regulated","notAll"
"Rapgef5",2,0.370448708264088,0.215280489392165,0.494151010280043,0.324493206423018,"down-regulated","down-regulated"
"Rilpl2",2,0.0928387974014201,0.186255368996486,0.119106699751861,0.109423817481654,"up-regulated","up-regulated"
"Rnase4",2,2.07463363045777,1.56644539893271,2.42864232541652,1.45971081886217,"up-regulated","notAll"
"Rock2",2,0.358437830487989,0.28452427437199,0.349379652605459,0.384073239845964,"down-regulated","down-regulated"
"Rpl21",2,1.76892279800574,4.01353637901861,1.18411910669975,3.54937150330597,"up-regulated","up-regulated"
"Rpl31",2,0.633403837437679,0.708707536118704,0.560510457284651,0.57531061541815,"up-regulated","up-regulated"
"Rpl5",2,2.08445384499169,2.40557074059612,1.77412265154201,2.10651747438785,"up-regulated","up-regulated"
"Rps15",2,2.66127813869165,2.90212156709619,2.29705778092875,2.52081668240936,"up-regulated","up-regulated"
"Rps6ka1",2,0.378229339779423,0.293114668749187,0.404891882311237,0.388287437331977,"down-regulated","down-regulated"
"Rsrp1",2,0.442589515032482,0.377586880124951,0.329599432825239,0.429484850686624,"down-regulated","notAll"
"Sall1",2,0.308959057259405,0.238838995184173,0.290535271180432,0.355591077526702,"down-regulated","down-regulated"
"Samsn1",2,0.272397643148512,0.220486789014708,0.247926267281106,0.275376008137761,"down-regulated","down-regulated"
"Scamp2",2,1.05703278440852,0.879864636209814,0.968734491315136,1.08493787691637,"down-regulated","down-regulated"
"Scn1b",2,0.144810394319384,0.133411427827671,0.0786954980503368,0.179321368887597,"down-regulated","notAll"
"Sft2d1",2,0.243692400664753,0.206820252505532,0.0598369372562921,0.279081595582359,"down-regulated","notAll"
"Sgk1",2,1.46547816890769,2.21423922946766,2.22453030840128,1.88301969047446,"up-regulated","notAll"
"Sh3bgrl3",2,0.818930352016921,1.53689964857478,0.574193548387097,1.40914044903001,"up-regulated","up-regulated"
"Sh3glb1",2,0.83932618220275,0.74163738123129,0.824884792626728,0.864782387560852,"down-regulated","down-regulated"
"Skil",2,0.494183411391449,0.542756735650137,0.596526054590571,0.633582794448885,"down-regulated","notAll"
"Slc16a6",2,0.451729868560205,0.401405700898087,0.518823112371499,0.523795684080506,"down-regulated","down-regulated"
"Slc7a8",2,0.295588457470917,0.248861121957569,0.260120524636654,0.342585192181937,"down-regulated","down-regulated"
"Slco2b1",2,0.870373168152289,0.856175972927242,0.81807869549805,0.982925234323912,"down-regulated","notAll"
"Soga1",2,0.256760840006043,0.167642847845894,0.209429280397022,0.266947613165734,"down-regulated","down-regulated"
"Sox4",2,0.998035957093216,0.905505661850839,1.54342431761787,1.09808907941583,"down-regulated","down-regulated"
"Spata13",2,0.143601752530594,0.141741507223741,0.145196738745126,0.174453244205478,"down-regulated","down-regulated"
"Spi1",2,0.974240821876416,0.912013536379019,0.779298121233605,1.01511298408777,"down-regulated","notAll"
"Sqor",2,0.158709774890467,0.10321489001692,0.17298830202056,0.172491462617162,"down-regulated","down-regulated"
"Srgap2",2,0.981039431938359,0.781075100872055,0.977809287486707,0.956186877860931,"down-regulated","down-regulated"
"Ssh2",2,1.10129928992295,0.99635559026422,1.05416518964906,0.861803385889704,"up-regulated","notAll"
"Ssr4",2,0.99758271642242,1.10659898477157,0.855512229705778,0.884908813485432,"up-regulated","up-regulated"
"St3gal5",2,0.281160296117238,0.250813484316022,0.255299539170507,0.331904381312214,"down-regulated","down-regulated"
"Tab2",2,0.231908143224052,0.188207731354939,0.243885147110954,0.249582213180266,"down-regulated","down-regulated"
"Tbxas1",2,0.421136123281462,0.408694520369647,0.274654377880184,0.492261861512752,"down-regulated","notAll"
"Thrsp",2,0.237573651609004,0.121046466224131,0.247359092520383,0.175833757175035,"down-regulated","down-regulated"
"Tlr7",2,0.201843178727905,0.257581673825329,0.19638426090039,0.181937077672019,"up-regulated","up-regulated"
"Tmem173",2,0.51072669587551,0.378497982558896,0.515561857497341,0.531933444743152,"down-regulated","down-regulated"
"Tmsb4x",2,28.3233116785013,25.9285435376806,25.9189649060617,26.4812904163336,"down-regulated","notAll"
"Tnfaip8l2",2,0.52266203353981,0.381491604841859,0.455724920241049,0.485649930974351,"down-regulated","down-regulated"
"Trio",2,0.192476204864783,0.1533255238839,0.203828429634881,0.259899731163264,"down-regulated","down-regulated"
"Twf2",2,0.446970841516845,0.318885851880776,0.463381779510812,0.418295429775485,"down-regulated","down-regulated"
"Ubb",2,3.01571234325427,3.67981257321359,3.52059553349876,3.28024413281988,"up-regulated","up-regulated"
"Ubn2",2,0.259178123583623,0.191071196147338,0.250833037929812,0.236067717794086,"down-regulated","down-regulated"
"Vps28",2,0.297476960265901,0.257191201353638,0.254306983339241,0.29390394536075,"down-regulated","notAll"
"Zc3h12a",2,0.0772775343707509,0.174671352336327,0.0886919532080822,0.0984523723025503,"up-regulated","up-regulated"
"Zfp36l2",2,0.649191720803747,0.833268254588052,0.782701169797944,0.662210273922837,"up-regulated","up-regulated"
"Zmiz1",2,0.38804955431334,0.328387348691917,0.366394895427153,0.430356753614764,"down-regulated","down-regulated"
"1700024G13Rik",1,0.0101979150929143,0.0065078745281791,0.0122651542006381,0.015621594129187,"down-regulated","down-regulated"
"1810037I17Rik",1,0.222087928690134,0.184042691656905,0.217582417582418,0.227929957131439,"down-regulated","down-regulated"
"2310022B05Rik",1,0.023568514881402,0.0242092932448262,0.019283941864587,0.0361113129404926,"down-regulated","notAll"
"2310033P09Rik",1,0.125925366369542,0.0672914226213719,0.127188940092166,0.119959311196687,"down-regulated","down-regulated"
"5330417C22Rik",1,7.55401117993655e-05,0.0106729142262137,0.000567174760723148,0.000435951464070333,"up-regulated","up-regulated"
"5330429C05Rik",1,0,0.00273330730183522,0,0,"up-regulated","up-regulated"
"Abhd17c",1,0.213249735609609,0.169985682676038,0.0681318681318681,0.203807309452881,"down-regulated","notAll"
"Abl1",1,0.112554766581055,0.093713393205779,0.121233605104573,0.145171837535421,"down-regulated","down-regulated"
"Ablim1",1,0.0594500679861006,0.0521931537159964,0.0448777029422191,0.077163409140449,"down-regulated","notAll"
"AC149090.1",1,0.523946215440399,0.411557985162046,0.434739454094293,0.468793141030299,"down-regulated","down-regulated"
"Acads",1,0.240897416528176,0.191461668619029,0.260262318326834,0.243478892683281,"down-regulated","down-regulated"
"Actg1",1,2.68182504910107,3.1997917480151,2.67940446650124,3.07600087190293,"up-regulated","up-regulated"
"Adam10",1,0.236062849373017,0.205778992581023,0.248280751506558,0.261934171328925,"down-regulated","down-regulated"
"Adam17",1,0.195799969783955,0.154106468827281,0.186742289968096,0.200465014895008,"down-regulated","down-regulated"
"Adamts1",1,1.47492068288261,1.60874658336587,2.11669620701879,1.76538545375282,"down-regulated","notAll"
"Adora3",1,0.309185677594803,0.197969543147208,0.295285359801489,0.263242025721136,"down-regulated","down-regulated"
"Afap1l2",1,0.00430578637256383,0.00403488220747104,0.00560085076214108,0.0109714451791034,"down-regulated","down-regulated"
"Agt",1,0.00589212872035051,0.00416503969803462,0.00588443814250266,0.0167841313667078,"down-regulated","down-regulated"
"Akirin2",1,0.328070705544644,0.247038917089679,0.320453739808578,0.32710891520744,"down-regulated","down-regulated"
"Alg5",1,0.230472881099864,0.237537420278537,0.222686990428926,0.187822422436969,"up-regulated","up-regulated"
"Alkbh1",1,0.147378758120562,0.130157490563582,0.139595887982985,0.116980309525539,"up-regulated","notAll"
"Ankrd33b",1,0.0268922798005741,0.0399583496030197,0.0354484225451967,0.0607425706604665,"down-regulated","notAll"
"Anks1b",1,0.0019640429067835,0.0028634647923988,0.0010634526763559,0.00690256484778028,"down-regulated","notAll"
"Anxa3",1,0.602205771264541,1.09071977092282,0.214888337468983,1.1006321296229,"down-regulated","notAll"
"Ap2m1",1,0.305861912675631,0.273200572692958,0.284863523573201,0.279226912737049,"down-regulated","down-regulated"
"Apbb1ip",1,0.965100468348693,0.824157230248601,0.693087557603687,0.983070551478602,"down-regulated","notAll"
"Aqp4",1,0.00936697386312132,0.0105427567356501,0.0190003544842255,0.0200537673472353,"down-regulated","notAll"
"Arap3",1,0.0852092461096842,0.0718469347910972,0.0690535271180432,0.116035748020054,"down-regulated","notAll"
"Arhgap17",1,0.571763106209397,0.53924248340492,0.534562211981567,0.58221318026593,"down-regulated","notAll"
"Arhgap27",1,0.114216649040641,0.0998307952622673,0.109606522509748,0.146770326237012,"down-regulated","down-regulated"
"Arid5a",1,0.109910862668077,0.153846153846154,0.117617866004963,0.168785875172564,"down-regulated","notAll"
"Arl4c",1,0.507554011179937,0.624495639724066,0.564551577454803,0.553367725059943,"up-regulated","up-regulated"
"Arl6ip1",1,1.11550083094123,0.885982038266302,0.924778447359093,1.00312431882584,"down-regulated","down-regulated"
"Arpc1b",1,0.98693156065871,0.991019133151113,0.868840836582772,0.858388432754487,"up-regulated","up-regulated"
"Arpc4",1,0.425139749206829,0.338539632955877,0.389649060616803,0.386979582939766,"down-regulated","down-regulated"
"Ash2l",1,0.0912524550536335,0.0658596902251725,0.0889755405884438,0.0744023832013369,"down-regulated","down-regulated"
"Atf3",1,3.03006496449615,5.77704021866458,4.45615030131159,5.781007047882,"down-regulated","notAll"
"Atox1",1,0.635216800120864,0.64935572042171,0.566962070187877,0.644990191092058,"up-regulated","up-regulated"
"Atp1a1",1,0.326937603867654,0.322400104125992,0.318326834455867,0.284095037419167,"up-regulated","notAll"
"Atp1a2",1,0.20947273001964,0.196798125732136,0.272740163062744,0.411029572040979,"down-regulated","down-regulated"
"Atp1b2",1,0.0417736818250491,0.0378758297540023,0.0479971641261964,0.0619051078979874,"down-regulated","down-regulated"
"Atp5g2",1,0.768545097446744,0.855264870493297,0.665792272243885,0.696359805275013,"up-regulated","up-regulated"
"Atp6v1g1",1,0.736062849373017,0.705063126382923,0.68656504785537,0.65966722371576,"up-regulated","notAll"
"Atpif1",1,0.567759480284031,0.512039567877131,0.552215526409075,0.550170747656761,"down-regulated","down-regulated"
"Azin1",1,0.237800271944402,0.232461278146557,0.274937965260546,0.273123592240064,"down-regulated","down-regulated"
"B2m",1,2.88329052726998,3.74606273591045,2.18341013824885,3.02041706023396,"up-regulated","up-regulated"
"Bckdha",1,0.14760537845596,0.115449694129897,0.188372917405175,0.144881203226041,"down-regulated","down-regulated"
"Bcl2a1b",1,0.275192627285088,0.558115319536639,0.142573555476781,0.393591513478166,"up-regulated","up-regulated"
"Bicd2",1,0.128342649947122,0.100351425224522,0.138603332151719,0.156433917023905,"down-regulated","down-regulated"
"Bmp2k",1,0.472050158634235,0.365612390993102,0.516767103863878,0.4254159703553,"down-regulated","down-regulated"
"Bpgm",1,0.290753890315758,0.148900169204738,0.204112017015243,0.282787183026956,"down-regulated","down-regulated"
"Brinp3",1,0.000377700558996827,0.000260314981127164,0.00021269053527118,0.00356027028990772,"down-regulated","notAll"
"Brk1",1,0.626756307599335,0.543147208121827,0.603828429634881,0.595727675652111,"down-regulated","down-regulated"
"Brox",1,0.0867200483456716,0.0741897696212417,0.0873449131513648,0.0926396861149459,"down-regulated","down-regulated"
"Btf3",1,0.707961927783653,0.72419627749577,0.591563275434243,0.62072222625881,"up-regulated","up-regulated"
"Btg1",1,0.931636198821574,1.16347780814786,1.07146401985112,1.24064520816682,"down-regulated","notAll"
"Bzw1",1,0.256458679558846,0.216451906807237,0.245657568238213,0.255685533677251,"down-regulated","down-regulated"
"C1qa",1,27.9893488442363,26.0465963816218,27.1998582063098,23.594855772724,"up-regulated","notAll"
"C1qb",1,17.8977186886237,22.3941168814265,15.6142502658632,21.5256121485141,"up-regulated","up-regulated"
"C1qc",1,11.7029762804049,14.6764284784589,10.7244948599787,14.2077308726295,"up-regulated","up-regulated"
"Cacng4",1,0.000755401117993655,0.000520629962254328,0.000708968450903935,0.00319697740318245,"down-regulated","down-regulated"
"Canx",1,0.68809487838042,0.534817128725758,0.650903934774902,0.649422364310107,"down-regulated","down-regulated"
"Capg",1,0.158180994107871,0.237537420278537,0.0679900744416874,0.153454915352757,"up-regulated","up-regulated"
"Capn3",1,0.247469406254721,0.161265130808278,0.265225097483162,0.219574220736758,"down-regulated","down-regulated"
"Capzb",1,0.626982927934733,0.663803201874268,0.540304856433889,0.72607716340914,"down-regulated","notAll"
"Casp8",1,0.210001510802236,0.167773005336457,0.226302729528536,0.219138269272688,"down-regulated","down-regulated"
"Ccdc12",1,0.473032180087627,0.368215540804373,0.43970223325062,0.455641938530844,"down-regulated","down-regulated"
"Ccdc34",1,0.0833962834264995,0.0571391383574125,0.0844381425026586,0.0728765530770907,"down-regulated","down-regulated"
"Ccdc88b",1,0.091781235836229,0.0823896915267474,0.0953562566465792,0.134926978129768,"down-regulated","down-regulated"
"Ccl4",1,6.17993654630609,9.97422881686841,6.61049273307338,8.43108333938821,"up-regulated","up-regulated"
"Ccl5",1,0.435262124187944,0.446049720161395,0.245799361928394,0.439439075782896,"up-regulated","up-regulated"
"Ccl6",1,0.386765372412751,0.404399323181049,0.156185749734137,0.379786383782606,"up-regulated","up-regulated"
"Ccnd3",1,0.191040942740595,0.181049069373942,0.194186458702588,0.142047518709584,"up-regulated","notAll"
"Ccni",1,0.30714609457622,0.280619549655083,0.285926976249557,0.293177359587299,"down-regulated","down-regulated"
"Ccnl1",1,0.612856927028252,0.921124560718469,0.772704714640199,0.905253215142047,"up-regulated","up-regulated"
"Ccr5",1,0.621166339326182,0.406351685539503,0.564551577454803,0.489428176996294,"down-regulated","down-regulated"
"Ccr6",1,0.167774588306391,0.0415202394897826,0.523502304147465,0.0141684225822858,"up-regulated","notAll"
"Ccrl2",1,0.838797401420154,1.05674866588572,1.29046437433534,0.73828380440311,"up-regulated","notAll"
"Cd300a",1,0.436772926423931,0.236886632825719,0.470967741935484,0.303785511879677,"down-regulated","down-regulated"
"Cd33",1,0.41781235836229,0.323831836522192,0.383410138248848,0.422800261570878,"down-regulated","down-regulated"
"Cd37",1,0.924308807977036,0.905635819341403,0.872952853598015,0.969556056092422,"down-regulated","notAll"
"Cd74",1,0.99289922949086,0.951841728491475,0.597943991492379,1.17285475550389,"down-regulated","notAll"
"Cd81",1,7.43571536485874,6.67213328127034,6.16774193548387,6.91237375572186,"down-regulated","notAll"
"Cd82",1,0.353754343556428,0.269946635428869,0.45941155618575,0.325147133619124,"down-regulated","down-regulated"
"Cdh2",1,0.00498564737875812,0.00689834699986984,0.00708968450903935,0.0114800552205188,"down-regulated","notAll"
"Cep170",1,0.146170116331772,0.112325914356371,0.12605459057072,0.158541015766911,"down-regulated","down-regulated"
"Cfl1",1,1.54970539356398,1.71742808798646,1.40361573909961,1.5987793359006,"up-regulated","up-regulated"
"Cflar",1,0.332678652364406,0.2827020695041,0.34597660404112,0.328562086754341,"down-regulated","down-regulated"
"Chd9",1,0.316890768998338,0.203826630222569,0.349450549450549,0.286783404780934,"down-regulated","down-regulated"
"Clca3a1",1,0.000377700558996827,0.00130157490563582,0.00276497695852535,0.0114800552205188,"down-regulated","notAll"
"Clcn3",1,0.178727904517299,0.157881036053625,0.181637717121588,0.199883746276248,"down-regulated","down-regulated"
"Clcn4",1,0.263332829732588,0.227254978524014,0.216306274370791,0.273777519436169,"down-regulated","notAll"
"Cldn5",1,0.0886085511406557,0.107640244696082,0.0577809287486707,0.172346145462472,"down-regulated","notAll"
"Clta",1,1.67132497356096,1.69282832226995,1.46401985111663,1.69454334084139,"down-regulated","notAll"
"Cmtm5",1,0.0083094122979302,0.0101522842639594,0.00630981921304502,0.02615708784422,"down-regulated","notAll"
"Cnn3",1,0.0341441305333132,0.0347520499804764,0.0509748316199929,0.0499891012133982,"down-regulated","notAll"
"Colgalt1",1,0.302840308203656,0.355590264219706,0.242467210209146,0.269853956259536,"up-regulated","up-regulated"
"Commd8",1,0.391222239008914,0.330469868540935,0.355689471818504,0.423308871612294,"down-regulated","down-regulated"
"Cops4",1,0.267563075993352,0.258232461278147,0.254590570719603,0.314756957058781,"down-regulated","notAll"
"Cotl1",1,1.13551896056806,1.12664323831837,1.112158808933,1.02761025939112,"up-regulated","notAll"
"Cox7a2l",1,0.835624716724581,0.862033060002603,0.729103154909607,0.73871975586718,"up-regulated","up-regulated"
"Cox8a",1,1.08460492521529,1.20200442535468,0.994470046082949,1.03647460582722,"up-regulated","up-regulated"
"Cryba4",1,0.169209850430579,0.133411427827671,0.17298830202056,0.171474242534331,"down-regulated","down-regulated"
"Csad",1,0.158029913884273,0.111024339450735,0.184615384615385,0.152655671001962,"down-regulated","down-regulated"
"Cspg5",1,0.0176763861610515,0.00976181179226865,0.0127614321162708,0.0229601104410376,"down-regulated","down-regulated"
"Ctgf",1,0.00906481341592386,0.0141871664714304,0.01261963842609,0.00871902928140667,"up-regulated","up-regulated"
"Ctsd",1,39.5261368786826,28.2298581283353,36.1210918114144,25.5757465668822,"up-regulated","notAll"
"Ctsh",1,2.32603112252606,2.27944813224001,2.21084721729883,1.99171692218266,"up-regulated","notAll"
"Ctss",1,14.6710983532256,14.0875959911493,13.4925912796881,12.1427014459057,"up-regulated","notAll"
"Ctsz",1,6.13340383743768,5.52388389951842,5.26210563629918,4.73755721862966,"up-regulated","notAll"
"Cul1",1,0.215742559298988,0.171938045034492,0.213186813186813,0.220082830778173,"down-regulated","down-regulated"
"Cxcl2",1,0.381930805257592,0.824287387739164,0.359376107763205,0.442127443144663,"up-regulated","up-regulated"
"Cxxc5",1,0.312962683184771,0.245346869712352,0.31343495214463,0.325583085083194,"down-regulated","down-regulated"
"Cyb5a",1,0.302235987309261,0.257972146297019,0.279617157036512,0.304802731962508,"down-regulated","down-regulated"
"Cyp26b1",1,0.000604320894394924,0.0057269295847976,0.000992555831265509,0.00116253723752089,"up-regulated","up-regulated"
"Cyp2j6",1,0.00279498413657652,0.00234283483014447,0.00184331797235023,0.00864637070406162,"down-regulated","notAll"
"Cyp2j9",1,0.00287052424837589,0.000780944943381492,0.00184331797235023,0.00646661338370995,"down-regulated","down-regulated"
"Dbi",1,0.548043511104396,0.588572172328518,0.815455512229706,0.782024267964833,"down-regulated","notAll"
"Dcakd",1,0.157047892430881,0.0969673304698685,0.163133640552995,0.0983070551478602,"down-regulated","down-regulated"
"Dclre1c",1,0.0885330110288563,0.100091110243395,0.0825948245303084,0.105936205769091,"down-regulated","notAll"
"Ddah2",1,0.13453693911467,0.0885070935832357,0.110244594115562,0.133110513696142,"down-regulated","down-regulated"
"Ddx3y",1,0.151609004381326,0.0206950409996095,0.16398440269408,0.000217975732035167,"up-regulated","notAll"
"Ddx6",1,0.244749962229944,0.224781986203306,0.249273307337823,0.294267238247475,"down-regulated","down-regulated"
"Dennd5a",1,0.149493881250944,0.125341663412729,0.146118397731301,0.160430138777883,"down-regulated","down-regulated"
"Dgkd",1,0.124565644357154,0.104125992450866,0.109464728819568,0.158686332921601,"down-regulated","down-regulated"
"Dgkz",1,0.18922798005741,0.236626317844592,0.184757178305565,0.171474242534331,"up-regulated","up-regulated"
"Dip2b",1,0.20833962834265,0.157100091110243,0.246082949308756,0.218193707767202,"down-regulated","down-regulated"
"Dlk1",1,0.00166188245958604,0.054796303527268,0.00311946118397731,0.000799244350795611,"up-regulated","up-regulated"
"Dnaja1",1,1.34000604320894,1.54809319276324,1.52130450194966,1.75332412991354,"down-regulated","notAll"
"Dnajb9",1,0.285088381930805,0.300663803201874,0.329599432825239,0.258955169657778,"up-regulated","notAll"
"Dnm2",1,0.239990935186584,0.227645450995705,0.205033676001418,0.298554094310833,"down-regulated","notAll"
"Dnmt3a",1,0.321800876265297,0.258883248730964,0.296632399858206,0.304584756230473,"down-regulated","down-regulated"
"Dock4",1,0.622072820667775,0.478719250292854,0.619496632399858,0.55576545811233,"down-regulated","down-regulated"
"Dock8",1,0.198670494032331,0.142001822204868,0.199007444168735,0.207149604010753,"down-regulated","down-regulated"
"Dpysl2",1,0.196857531349146,0.19002993622283,0.145054945054945,0.252343239119378,"down-regulated","notAll"
"Dtx4",1,0.145943495996374,0.103345047507484,0.1424317617866,0.160793431664608,"down-regulated","down-regulated"
"Dync1h1",1,0.182807070554464,0.151373161525446,0.179014533853244,0.207803531206859,"down-regulated","down-regulated"
"Dynlrb1",1,0.231681522888654,0.254978524014057,0.208153137185395,0.289689747874737,"down-regulated","notAll"
"E230001N04Rik",1,0.0860401873394773,0.0687231550175713,0.106061680255229,0.0320424326091695,"up-regulated","notAll"
"Edem2",1,0.754494636652062,0.358583886502668,0.768450903934775,0.352030807236794,"up-regulated","notAll"
"Edf1",1,0.392959661580299,0.329428608616426,0.33690180786955,0.345273559543704,"down-regulated","down-regulated"
"Ednrb",1,0.0120108777760991,0.00728881947156059,0.0119106699751861,0.0199811087698903,"down-regulated","down-regulated"
"Efhd2",1,1.13544342045626,1.0761421319797,1.04594115561857,1.06248637651675,"up-regulated","notAll"
"Egr2",1,0.0562773832905273,0.076272289470259,0.0530308401276143,0.09801642083848,"down-regulated","notAll"
"Eif1b",1,0.279347333434053,0.213067812052584,0.263310882665721,0.246167260045048,"down-regulated","down-regulated"
"Eif3f",1,0.730170720652667,0.823506442795783,0.627224388514711,0.615272832957931,"up-regulated","up-regulated"
"Eif3i",1,0.286221483607796,0.281010022126773,0.264657922722439,0.221390685170384,"up-regulated","notAll"
"Eif5a",1,0.693080525759178,0.718859820382663,0.625806451612903,0.632492915788709,"up-regulated","up-regulated"
"Enho",1,0.016543284484061,0.0156188988676298,0.0191421481744062,0.0241953062559035,"down-regulated","down-regulated"
"Epb41l4aos",1,0.0613385707810848,0.106729142262137,0.0533144275079759,0.0608152292378115,"up-regulated","up-regulated"
"Epcam",1,0.000604320894394924,0.0192633086034101,0.00262318326834456,0.00123519581486595,"up-regulated","up-regulated"
"Etnk1",1,0.213249735609609,0.166341272940258,0.201347040056717,0.207004286856063,"down-regulated","down-regulated"
"Fabp7",1,0.00951805408672005,0.00481582715085253,0.0129032258064516,0.114655235050498,"down-regulated","down-regulated"
"Fam160b1",1,0.125245505363348,0.122348041129767,0.129174051754697,0.186005958003342,"down-regulated","down-regulated"
"Fam213a",1,0.0890617918114519,0.0652089027723546,0.0791208791208791,0.0798517765022161,"down-regulated","down-regulated"
"Fam49b",1,0.865840761444327,0.704802811401796,0.823963133640553,0.778754631984306,"down-regulated","down-regulated"
"Fbln2",1,0.00377700558996827,0.00260314981127164,0.00340304856433889,0.0106808108697232,"down-regulated","down-regulated"
"Fbrsl1",1,0.208641788789847,0.167382532864766,0.268131868131868,0.209910629949866,"down-regulated","down-regulated"
"Fcgr1",1,0.987007100770509,0.747624625797215,1.01084721729883,0.786383782605537,"down-regulated","down-regulated"
"Fndc1",1,0.000528780782595558,0.000130157490563582,0.000354484225451967,0.00254305020707695,"down-regulated","down-regulated"
"Foxd3",1,0.00702523039734099,0.00546661460367044,0.00730237504431053,0.00762915062123084,"down-regulated","down-regulated"
"Frmd4b",1,0.582791962532105,0.388520109332292,0.523431407302375,0.490300079924435,"down-regulated","down-regulated"
"Frzb",1,0.000679861006194289,0.000520629962254328,0.000779865295994328,0.0166388142120177,"down-regulated","down-regulated"
"Fut9",1,0.00211512313038223,0.000780944943381492,0.000850762141084722,0.00385090459928795,"down-regulated","down-regulated"
"Fxyd1",1,0.0371657350052878,0.0545359885461408,0.0431052818149592,0.0502797355227785,"up-regulated","up-regulated"
"Fxyd5",1,0.198897114367729,0.241051672523754,0.107266926621765,0.178013514495386,"up-regulated","up-regulated"
"Fyb",1,1.07206526665659,0.90589613432253,0.958808933002481,0.81719101939984,"up-regulated","notAll"
"Gabarap",1,1.12146849977338,1.03279968762202,0.940021269053527,1.0117706895299,"up-regulated","notAll"
"Gadd45b",1,0.798610061942892,1.0268124430561,0.947465437788018,0.78456731817191,"up-regulated","up-regulated"
"Gal",1,0.00377700558996827,0.0274632305089158,0.00829493087557604,0.00239773305238683,"up-regulated","up-regulated"
"Gapdh",1,1.3100921589364,1.39841207861512,0.674299893654732,1.21376153454915,"up-regulated","up-regulated"
"Gatm",1,0.893412902251095,0.289860731485097,1.4192130450195,0.243188258373901,"up-regulated","notAll"
"Gcn1l1",1,0.272019942589515,0.150331901600937,0.311166253101737,0.207294921165444,"down-regulated","down-regulated"
"Gdf15",1,0.266505514428161,0.247429389561369,0.185040765685927,0.314393664172055,"down-regulated","notAll"
"Ghrhr",1,0,0.00338409475465313,0,0,"up-regulated","up-regulated"
"Gja1",1,0.0173742257138541,0.0152284263959391,0.0186458702587735,0.0357480200537674,"down-regulated","down-regulated"
"Gm12688",1,0.00166188245958604,0.000520629962254328,0.00163062743707905,0.00297900167114728,"down-regulated","down-regulated"
"Gm26522",1,0.397794228735459,0.43641806585969,0.406664303438497,0.364891375426869,"up-regulated","up-regulated"
"Gm42031",1,0.00302160447197462,0.0719770922816608,0.000638071605813541,0.0157669112838771,"up-regulated","up-regulated"
"Gna12",1,0.314926726091555,0.212417024599766,0.307692307692308,0.260408341204679,"down-regulated","down-regulated"
"Gna15",1,0.384045928387974,0.279578289730574,0.382133995037221,0.362638959529172,"down-regulated","down-regulated"
"Gnb2",1,1.024097295664,1.0114538591696,1.01396667848281,1.0675724769309,"down-regulated","down-regulated"
"Gnb3",1,0.000453240670796193,0.00520629962254328,0.000354484225451967,0.000217975732035167,"up-regulated","up-regulated"
"Gp9",1,0.0734249886689832,0.0704152023948978,0.071534916696207,0.131875317881276,"down-regulated","down-regulated"
"Gpi1",1,0.411089288412147,0.454249642066901,0.364976958525346,0.335973261643537,"up-regulated","up-regulated"
"Gpm6b",1,0.0678350203958302,0.0467265391123259,0.0774193548387097,0.0847199011843348,"down-regulated","down-regulated"
"Gpr155",1,0.144734854207584,0.103605362488611,0.167387451258419,0.174598561360169,"down-regulated","down-regulated"
"Gpr37l1",1,0.0411693609306542,0.0236886632825719,0.0299893654732364,0.0558017874010027,"down-regulated","down-regulated"
"Gpx1",1,0.956035654932769,1.20903292984511,1.10400567174761,1.06248637651675,"up-regulated","up-regulated"
"Gpx3",1,0.00264390391297779,0.0382663022256931,0.00163062743707905,0.00515875899149895,"up-regulated","up-regulated"
"Gramd1a",1,0.215969179634386,0.232591435637121,0.248209854661468,0.264549880113347,"down-regulated","notAll"
"Gsto1",1,0.0685904215138238,0.088116621111545,0.0576391350584899,0.0631403037128533,"up-regulated","up-regulated"
"Gusb",1,0.591025834718235,0.733697774306911,0.528252392768522,0.655380367652401,"up-regulated","up-regulated"
"H2-Eb1",1,0.122828221785768,0.0935832357152154,0.0714640198511166,0.174961854246894,"down-regulated","notAll"
"H2-K1",1,1.27579694817948,2.21163607965638,0.865579581708614,1.93119232725423,"up-regulated","up-regulated"
"H3f3a",1,1.04086720048346,1.14291292463881,1.04289259127969,1.10782532878006,"up-regulated","up-regulated"
"H3f3b",1,3.44833056352923,5.8802551086815,3.8354484225452,5.28017147424253,"up-regulated","up-regulated"
"Hacd2",1,0.136652062245052,0.131328907978654,0.123431407302375,0.0908958802586645,"up-regulated","notAll"
"Hacd4",1,0.0888351714760538,0.0683326825458805,0.0774902516838001,0.108406597398823,"down-regulated","down-regulated"
"Hcar2",1,0.100619428916755,0.185734739034231,0.0900389932647997,0.071931991571605,"up-regulated","up-regulated"
"Herc1",1,0.207055446442061,0.155798516204608,0.180786954980503,0.203444016566156,"down-regulated","down-regulated"
"Hes5",1,0.00271944402477716,0.00234283483014447,0.0010634526763559,0.0136598125408704,"down-regulated","notAll"
"Hint1",1,0.518885027949841,0.577248470649486,0.446224742998937,0.499164426360532,"up-regulated","up-regulated"
"Hmox2",1,0.312584982625774,0.238058050240791,0.268628146047501,0.276175252488556,"down-regulated","down-regulated"
"Hook3",1,0.259102583471824,0.206429780033841,0.24693371144984,0.265712417350868,"down-regulated","down-regulated"
"Hs2st1",1,0.168529989424384,0.137836782506833,0.172562920950018,0.145753106154181,"down-regulated","down-regulated"
"Hsd17b11",1,0.29528629702372,0.225693088637251,0.30989010989011,0.256920729492117,"down-regulated","down-regulated"
"Hsp90b1",1,1.78886538752077,1.45971625667057,1.65295994328252,1.40652474024559,"up-regulated","notAll"
"Hspa8",1,6.04283124339024,8.98451125862293,6.91627082594825,9.18644190946741,"down-regulated","notAll"
"Hspe1",1,1.30540867200483,1.59299752700768,1.52832328961361,1.89987648041851,"down-regulated","notAll"
"Icam1",1,0.546759329203807,0.802811401796173,0.502445941155619,0.613747002833685,"up-regulated","up-regulated"
"Id3",1,0.100619428916755,0.145906546921775,0.0971286777738391,0.11799752960837,"up-regulated","up-regulated"
"Ier2",1,0.801858286750264,1.428868931407,0.827791563275434,1.05362203008065,"up-regulated","up-regulated"
"Ifi204",1,0.0342196706451126,0.107510087205519,0.0104927330733782,0.0462835137688004,"up-regulated","up-regulated"
"Ifi207",1,0.0459283879740142,0.0827801639984381,0.0240340304856434,0.0328416769599651,"up-regulated","up-regulated"
"Ifi27",1,0.347484514277081,0.319536639333594,0.319319390287132,0.38603502143428,"down-regulated","notAll"
"Ifit3",1,0.0491010726695875,0.0779643368475856,0.0171570365118752,0.0341495313521761,"up-regulated","up-regulated"
"Igfbp3",1,0.00430578637256383,0.019002993622283,0.00921658986175115,0.00167114727893628,"up-regulated","up-regulated"
"Igfbp5",1,0.0247016165583925,0.0292854353768059,0.0203473945409429,0.0356753614764223,"down-regulated","notAll"
"Igsf8",1,0.450067986100619,0.174801509826891,0.557958170861397,0.123446922909249,"up-regulated","notAll"
"Il1a",1,0.335775796948179,0.535207601197449,0.447571783055654,0.403037128533023,"up-regulated","up-regulated"
"Inpp5d",1,0.732512464118447,0.640895483535077,0.718681318681319,0.747220809416552,"down-regulated","down-regulated"
"Isg15",1,0.10477413506572,0.138227254978524,0.0847217298830202,0.0816682409358425,"up-regulated","up-regulated"
"Itga7",1,0.00558996827315304,0.00728881947156059,0.00716058135412974,0.0113347380658287,"down-regulated","notAll"
"Itgax",1,0.118597975525004,0.0745802420929324,0.0533853243530663,0.0597253505776357,"up-regulated","notAll"
"Itgb5",1,2.43518658407614,2.07119614733828,2.45253456221198,2.21790307345782,"down-regulated","down-regulated"
"Itm2a",1,0.0643601752530594,0.0623454379799557,0.0594824530308401,0.108043304512098,"down-regulated","notAll"
"Itpr2",1,0.2976280404895,0.27033710790056,0.344345976604041,0.319261788854174,"down-regulated","down-regulated"
"Jpt1",1,0.348390995618674,0.306390732786672,0.325983693725629,0.352757393010245,"down-regulated","down-regulated"
"Jun",1,8.26642997431636,11.646882728101,10.2634526763559,12.3630022524159,"down-regulated","notAll"
"Kat6a",1,0.158860855114066,0.132240010412599,0.163629918468628,0.184044176415026,"down-regulated","down-regulated"
"Kdm2b",1,0.163242181598429,0.156319146166862,0.143991492378589,0.199302477657487,"down-regulated","notAll"
"Kif21b",1,0.231832603112253,0.183652219185214,0.211201701524282,0.26186151275158,"down-regulated","down-regulated"
"Klf13",1,0.218839703882762,0.27905765976832,0.292236795462602,0.190438131221391,"up-regulated","notAll"
"Klf2",1,4.98632723976432,7.13965898737472,6.59227224388515,6.92748673980963,"up-regulated","up-regulated"
"Klf6",1,1.89220426046231,3.33450475074841,2.66515420063807,3.49945506066991,"down-regulated","notAll"
"Klf9",1,0.0623961323462759,0.112195756865808,0.0749379652605459,0.0723679430356754,"up-regulated","up-regulated"
"Klk6",1,0.00581658860855114,0.0441233893010543,0.00290677064870613,0.00682990627043522,"up-regulated","up-regulated"
"Kmt2c",1,0.185073273908445,0.157230248600807,0.193052109181141,0.188621666787764,"down-regulated","down-regulated"
"Ksr2",1,0.000151080223598731,0.00338409475465313,0.000283587380361574,0.000290634309380222,"up-regulated","up-regulated"
"Lair1",1,1.37671853754344,1.24209293244826,1.17355547678128,1.37266584320279,"down-regulated","notAll"
"Lamtor1",1,0.439190210001511,0.37680593518157,0.398014888337469,0.414081232289472,"down-regulated","down-regulated"
"Lmo4",1,0.156292491312887,0.165300013015749,0.153278979085431,0.163772433335755,"up-regulated","up-regulated"
"Lpar1",1,0.00672306995014353,0.00689834699986984,0.00581354129741227,0.0131512024994551,"down-regulated","notAll"
"Lpcat1",1,0.259178123583623,0.215931276844982,0.227791563275434,0.259245803967158,"down-regulated","down-regulated"
"Lpl",1,0.465855869466687,0.560848626838475,0.0993264799716413,0.279226912737049,"up-regulated","up-regulated"
"Lrrc25",1,0.21544039885179,0.228947025901341,0.182701169797944,0.239555329506648,"down-regulated","notAll"
"Lsp1",1,0.203656141411089,0.2827020695041,0.171712158808933,0.221318026593039,"up-regulated","up-regulated"
"Ltc4s",1,0.897114367729264,1.21423922946766,0.794328252392768,1.2409358424762,"down-regulated","notAll"
"Luzp2",1,0.00966913431031878,0.00273330730183522,0.00404112017015243,0.0128605681900748,"down-regulated","down-regulated"
"Ly86",1,2.97439190210001,3.1840426916569,2.53257710031904,3.13877788272906,"up-regulated","up-regulated"
"Lyn",1,0.747696026590119,0.567616816347781,0.692733073378235,0.701300588534477,"down-regulated","down-regulated"
"Mafb",1,2.72027496600695,3.38995184172849,3.22772066643034,2.87815156579234,"up-regulated","up-regulated"
"Man1a2",1,0.359873092612177,0.347910972276455,0.288833746898263,0.429412192109279,"down-regulated","notAll"
"Map4k4",1,0.61550083094123,0.544058310555772,0.584615384615385,0.645862094020199,"down-regulated","down-regulated"
"Mapk14",1,0.181673968877474,0.145516074450085,0.199716412619638,0.183753542105646,"down-regulated","down-regulated"
"Mapk3",1,0.358211210152591,0.285175061824808,0.354555122297058,0.336845164571678,"down-regulated","down-regulated"
"Mapre1",1,0.334869315606587,0.298190810881166,0.328323289613612,0.341931264985832,"down-regulated","down-regulated"
"Marcksl1",1,0.154932769300499,0.260054666146037,0.146260191421482,0.178522124536802,"up-regulated","up-regulated"
"Matn4",1,0.00649644961474543,0.00338409475465313,0.0104927330733782,0.00988156651892756,"down-regulated","down-regulated"
"Mbnl1",1,0.868937906028101,0.807887543928153,0.715632754342432,0.937295647751217,"down-regulated","notAll"
"Mboat2",1,0.00528780782595558,0.00546661460367044,0.00794044665012407,0.0134418368088353,"down-regulated","notAll"
"Mcur1",1,0.121997280555975,0.115579851620461,0.0962779156327543,0.142483470173654,"down-regulated","notAll"
"Mdk",1,0.0203958301858287,0.0173109462449564,0.0185040765685927,0.0254305020707695,"down-regulated","down-regulated"
"Mfap3l",1,0.00498564737875812,0.00325393726408955,0.00269408011343495,0.006539271961055,"down-regulated","notAll"
"Mia",1,0.0141260009064813,0.0124951190941039,0.0207018787663949,0.0211436460074112,"down-regulated","down-regulated"
"Mid1ip1",1,0.278138691645264,0.237667577769101,0.248422545196739,0.266874954588389,"down-regulated","down-regulated"
"Mlc1",1,0.0174497658256534,0.0166601587921385,0.0297766749379653,0.0276829179684662,"down-regulated","down-regulated"
"Mlec",1,0.287656745731984,0.22673434856176,0.270825948245303,0.29433989682482,"down-regulated","down-regulated"
"Mmd2",1,0.00725185073273908,0.00663803201874268,0.00425381070542361,0.0179466686042287,"down-regulated","notAll"
"Mob1a",1,0.157576673213476,0.121957568658076,0.147394540942928,0.177432245876626,"down-regulated","down-regulated"
"Morf4l1",1,0.824746940625472,0.831966679682416,0.800921658986175,0.883964251979946,"down-regulated","notAll"
"Mpc1",1,0.39167547967971,0.419237277105297,0.259766040411202,0.442054784567318,"down-regulated","notAll"
"Mtss1l",1,0.00498564737875812,0.00351425224521671,0.00503367600141794,0.00900966359078689,"down-regulated","down-regulated"
"Mtus1",1,0.31666414866294,0.276844982428739,0.279758950726693,0.344256339460873,"down-regulated","down-regulated"
"Myc",1,0.150626982927935,0.215150331901601,0.187522155264091,0.153454915352757,"up-regulated","up-regulated"
"Mylip",1,0.281311376340837,0.25836261876871,0.174477135767458,0.308944270871176,"down-regulated","notAll"
"Myo18a",1,0.10122374981115,0.0754913445268775,0.084509039347749,0.119813994041997,"down-regulated","down-regulated"
"Myo7a",1,0.0490255325577882,0.050110633866979,0.0254519673874513,0.0617597907432972,"down-regulated","notAll"
"N4bp1",1,0.168756609759782,0.160484185864897,0.174973413683091,0.190801424108116,"down-regulated","down-regulated"
"Naca",1,1.12917359117691,1.24612781465573,0.990358029067707,1.02688367361767,"up-regulated","up-regulated"
"Ncald",1,0.00536334793775495,0.0079396069243785,0.00552995391705069,0.0141684225822858,"down-regulated","notAll"
"Ncam1",1,0.0107266958755099,0.0235585057920083,0.008649415101028,0.0482452953571169,"down-regulated","notAll"
"Ncf4",1,0.228357757969482,0.141871664714304,0.25586671393123,0.17692363583521,"down-regulated","down-regulated"
"Ndrg2",1,0.050234174346578,0.0486789014707796,0.0478553704360156,0.0641575237956841,"down-regulated","notAll"
"Neat1",1,0.488517903006496,0.709228166080958,0.576178660049628,0.463198430574729,"up-regulated","up-regulated"
"Nedd8",1,0.420758422722466,0.361967981257321,0.400425381070542,0.382620068299063,"down-regulated","down-regulated"
"Nfkb1",1,0.380797703580601,0.35936483144605,0.331088266572138,0.365545302622975,"down-regulated","notAll"
"Ninj1",1,0.27028252001813,0.364050501106339,0.253385324353066,0.316500762915062,"up-regulated","up-regulated"
"Nkain4",1,0.00687415017374226,0.0057269295847976,0.00815313718539525,0.0112620794884836,"down-regulated","down-regulated"
"Npc2",1,2.68190058921287,2.50240791357543,2.59666784828075,2.01562159412919,"up-regulated","notAll"
"Nptn",1,0.447348542075842,0.433294286086164,0.427437079049982,0.501053549371503,"down-regulated","notAll"
"Npy",1,0.00400362592536637,0.00221267733958089,0.00744416873449132,0.0765821405216886,"down-regulated","down-regulated"
"Nr4a1",1,0.289847408974165,0.511649095405441,0.413186813186813,0.569425270653201,"down-regulated","notAll"
"Nrip1",1,0.77262426348391,0.609787843290381,0.85225097483162,0.670783986049553,"down-regulated","down-regulated"
"Ntrk2",1,0.0321800876265297,0.0282441754522973,0.0440978376462247,0.0465741480781806,"down-regulated","down-regulated"
"Nupr1",1,0.169814171324974,0.196407653260445,0.132789790854307,0.222117270943835,"down-regulated","notAll"
"Oasl2",1,0.0203202900740293,0.0683326825458805,0.00630981921304502,0.0255031606481145,"up-regulated","up-regulated"
"Orai1",1,0.516392204260462,0.422881686841078,0.463523573200993,0.491753251471336,"down-regulated","down-regulated"
"Osm",1,0.212418794379816,0.320577899258102,0.248209854661468,0.208893409867035,"up-regulated","up-regulated"
"P3h2",1,0.122828221785768,0.0719770922816608,0.128535980148883,0.106517474387851,"down-regulated","down-regulated"
"P4ha1",1,0.434355642846351,0.296368606013276,0.446579227224389,0.386470972898351,"down-regulated","down-regulated"
"Pabpc1",1,0.740595256080979,0.83248730964467,0.685997873094647,0.672164499019109,"up-regulated","up-regulated"
"Pag1",1,0.830034748451428,0.904724716907458,0.7712158808933,0.882656397587735,"up-regulated","up-regulated"
"Pak2",1,0.373470312736063,0.309904985031889,0.365331442750798,0.375208893409867,"down-regulated","down-regulated"
"Pbx2",1,0.106738177972503,0.0792659117532214,0.112158808933002,0.112620794884836,"down-regulated","down-regulated"
"Pbxip1",1,0.353829883668228,0.322269946635429,0.416448068060971,0.336118578798227,"down-regulated","down-regulated"
"Pcsk1n",1,0.0105000755401118,0.0831706364701289,0.0183622828784119,0.0266656978856354,"up-regulated","up-regulated"
"Pdgfa",1,0.232890164677444,0.208382142392295,0.244452321871677,0.23526847344329,"down-regulated","down-regulated"
"Pdia6",1,0.935564284635141,0.65989847715736,0.797518610421836,0.60837026811015,"up-regulated","notAll"
"Peg3",1,0.00740293095633782,0.0423011844331641,0.00829493087557604,0.00973624936423745,"up-regulated","up-regulated"
"Pfdn5",1,1.03406859042151,1.07679291943251,0.914285714285714,0.933226767419894,"up-regulated","up-regulated"
"Pfkl",1,0.173213476355945,0.135233632695562,0.146898263027295,0.160066845891157,"down-regulated","down-regulated"
"Phf14",1,0.339024021755552,0.284914746843681,0.28110599078341,0.330451209765313,"down-regulated","notAll"
"Phgdh",1,0.151004683486932,0.313809709748796,0.0355902162353775,0.343311777955388,"down-regulated","notAll"
"Phip",1,0.432316059827769,0.302225693088637,0.379227224388515,0.392864927704716,"down-regulated","down-regulated"
"Picalm",1,0.932542680163167,0.954314720812183,1.20708968450904,0.855409431083339,"up-regulated","notAll"
"Pik3cg",1,0.177519262728509,0.136665365091761,0.203970223325062,0.180483906125118,"down-regulated","down-regulated"
"Pim1",1,0.154555068741502,0.312638292333724,0.189081885856079,0.231853520308072,"up-regulated","up-regulated"
"Pkm",1,0.631590874754495,0.64753351555382,0.480822403403049,0.591876771052823,"up-regulated","up-regulated"
"Pla2g7",1,0.0597522284332981,0.0417805544709098,0.0989010989010989,0.0416333648187169,"up-regulated","notAll"
"Plce1",1,0.010953316210908,0.0106729142262137,0.015668202764977,0.01954515730582,"down-regulated","down-regulated"
"Plekho1",1,0.707810847560054,0.622022647403358,0.657851825593761,0.649349705732762,"down-regulated","down-regulated"
"Plin2",1,0.478395528025381,0.499544448783027,0.596029776674938,0.380585628133401,"up-regulated","notAll"
"Plk2",1,0.281386916452636,0.34231420018222,0.431407302375044,0.356027028990772,"down-regulated","notAll"
"Plp1",1,0.24641184468953,0.450475074840557,0.134845799361928,0.666206495676815,"down-regulated","notAll"
"Pltp",1,0.119428916754797,0.112456071846935,0.135980148883375,0.1770689529899,"down-regulated","down-regulated"
"Plvap",1,0.00702523039734099,0.0321489001692047,0.00319035802906771,0.00508610041415389,"up-regulated","up-regulated"
"Pold4",1,0.311829581507781,0.29832096837173,0.256292095001772,0.313812395553295,"down-regulated","notAll"
"Polr1d",1,0.292944553557939,0.281660809579591,0.258844381425027,0.266003051660249,"up-regulated","notAll"
"Pou1f1",1,0.000151080223598731,0.00741897696212417,7.08968450903935e-05,7.26585773450556e-05,"up-regulated","up-regulated"
"Ppfia4",1,0.517147605378456,0.450735389821684,0.505707196029777,0.487539053985323,"down-regulated","down-regulated"
"Ppp1r11",1,0.258120562018432,0.23363269556163,0.238000708968451,0.266075710237594,"down-regulated","down-regulated"
"Ppp1r15a",1,0.871732890164677,1.67304438370428,1.06267281105991,1.31700937295648,"up-regulated","up-regulated"
"Ppp1r21",1,0.148738480132951,0.177534817128726,0.153987947536335,0.127951754704643,"up-regulated","up-regulated"
"Ppp1r9a",1,0.257440701012237,0.210464662241312,0.268628146047501,0.24129913536293,"down-regulated","down-regulated"
"Ppp6r3",1,0.156821272095483,0.112065599375244,0.130095710740872,0.153018963888687,"down-regulated","down-regulated"
"Prdx6",1,0.198897114367729,0.205128205128205,0.198511166253102,0.200101722008283,"up-regulated","up-regulated"
"Prnp",1,0.0719141864329959,0.0700247299232071,0.0617511520737327,0.0773813848724842,"down-regulated","notAll"
"Pros1",1,0.336304577730775,0.251203956787713,0.283941864587026,0.316282787183027,"down-regulated","down-regulated"
"Ptms",1,0.716573500528781,0.807366913965899,0.588018433179723,0.779190583448376,"up-regulated","up-regulated"
"Ptp4a2",1,0.470765976733646,0.496290511518938,0.473520028358738,0.567681464796919,"down-regulated","notAll"
"Ptpra",1,0.462305484212117,0.389821684237928,0.409641970932293,0.420475187095837,"down-regulated","down-regulated"
"Ptprz1",1,0.0166188245958604,0.010282441754523,0.0127614321162708,0.040543486158541,"down-regulated","down-regulated"
"Rab14",1,0.802311527421061,0.70128855915658,0.779227224388515,0.77795538763351,"down-regulated","down-regulated"
"Rab7b",1,0.0724429672155915,0.0895483535077444,0.065579581708614,0.0367652401365981,"up-regulated","up-regulated"
"Rab8b",1,0.128191569723523,0.108811662111154,0.126550868486352,0.147569570587808,"down-regulated","down-regulated"
"Ramp1",1,0.343934129022511,0.250292854353768,0.285785182559376,0.263460001453172,"down-regulated","down-regulated"
"Rap1gds1",1,0.250415470614896,0.180658596902252,0.224601205246367,0.238320133691782,"down-regulated","down-regulated"
"Rasgef1b",1,0.150400362592537,0.230118443316413,0.193335696561503,0.257429339533532,"down-regulated","notAll"
"Rassf4",1,0.237498111497205,0.192502928543538,0.209854661467565,0.220518782242244,"down-regulated","down-regulated"
"Rbm39",1,1.16558392506421,1.11466874918652,1.12626728110599,1.06364891375427,"up-regulated","notAll"
"Rcsd1",1,0.53338872941532,0.461017831576207,0.532718894009217,0.473079997093657,"down-regulated","down-regulated"
"Rel",1,0.26310620939719,0.399973968501887,0.288479262672811,0.425052677468575,"down-regulated","notAll"
"Resp18",1,0.000226620335398096,0.0295457503579331,0.000141793690180787,0.000799244350795611,"up-regulated","up-regulated"
"Rgcc",1,0.0308959057259405,0.0465963816217623,0.0364409783764622,0.047010099542251,"down-regulated","notAll"
"Rgs1",1,2.28304879891222,2.6833268254588,2.65373980857852,2.07876189784204,"up-regulated","up-regulated"
"Rgs2",1,1.880646623357,2.41585318235064,2.19992910315491,2.45135508246749,"down-regulated","notAll"
"Rnf149",1,0.268394017223145,0.285695691787062,0.259695143566111,0.226549444161883,"up-regulated","up-regulated"
"Rps17",1,0.999093518658408,1.04906937394247,0.893229351293867,0.945288091259173,"up-regulated","up-regulated"
"Rptor",1,0.238329052726998,0.17258883248731,0.212903225806452,0.240645208166824,"down-regulated","down-regulated"
"Rrbp1",1,2.11210152591026,2.1772745021476,2.01460475008862,2.02971735813413,"up-regulated","up-regulated"
"Rsph1",1,0.0217555521982173,0.0191331511128465,0.0350939383197448,0.0349487757029717,"down-regulated","down-regulated"
"Rtn1",1,0.117313793624415,0.107119614733828,0.0716058135412974,0.161810651747439,"down-regulated","notAll"
"Rtp4",1,0.0445686659616256,0.0775738643758948,0.0168734491315136,0.0381457531061542,"up-regulated","up-regulated"
"S100a16",1,0.0155612630306693,0.0257711831315892,0.00879120879120879,0.0367652401365981,"down-regulated","notAll"
"Saraf",1,0.844840610364103,0.72927241962775,0.646579227224389,0.820387996803023,"down-regulated","notAll"
"Sash1",1,0.0293095633781538,0.0327996876220226,0.032967032967033,0.0455569279953498,"down-regulated","notAll"
"Scamp5",1,0.0931409578486176,0.0639073278667187,0.0764976958525346,0.106590132965197,"down-regulated","down-regulated"
"Scarb2",1,0.453693911466989,0.339060262918131,0.506203473945409,0.405507520162755,"down-regulated","down-regulated"
"Scd2",1,0.177896963287506,0.152544578940518,0.21084721729883,0.182082394826709,"down-regulated","down-regulated"
"Scg2",1,0.000151080223598731,0.0350123649616035,7.08968450903935e-05,0.000799244350795611,"up-regulated","up-regulated"
"Scg5",1,0.00574104849675178,0.0482884289990889,0.00723147819922013,0.00973624936423745,"up-regulated","up-regulated"
"Sdc3",1,0.0647378758120562,0.0908499284133802,0.036937256292095,0.0879895371648623,"up-regulated","up-regulated"
"Sdf4",1,0.567457319836833,0.562931146687492,0.553066288550159,0.48419675942745,"up-regulated","notAll"
"Sec11c",1,0.492672609155462,0.409605622803592,0.449485997873095,0.484996003778246,"down-regulated","down-regulated"
"Selenow",1,0.194364707659767,0.285305219315372,0.226515420063807,0.226985395625954,"up-regulated","up-regulated"
"Sema4d",1,0.193156065870978,0.162306390732787,0.180786954980503,0.188040398169004,"down-regulated","down-regulated"
"Serp1",1,0.22979302009367,0.273330730183522,0.241332860687699,0.217467121993751,"up-regulated","up-regulated"
"Sft2d2",1,0.13929596615803,0.105557724847065,0.156469337114498,0.154254159703553,"down-regulated","down-regulated"
"Sgcd",1,0.000151080223598731,0.000260314981127164,0.000425381070542361,0.003923563176633,"down-regulated","notAll"
"Sgce",1,0.258573802689228,0.182090329298451,0.252605459057072,0.228583884327545,"down-regulated","down-regulated"
"Sipa1",1,0.426726091554615,0.360666406351686,0.442254519673875,0.427377751943617,"down-regulated","down-regulated"
"Sipa1l2",1,0.150475902704336,0.130027333073018,0.123360510457285,0.16958511952336,"down-regulated","notAll"
"Ski",1,0.390995618673516,0.351164909540544,0.388798298475718,0.40470827581196,"down-regulated","down-regulated"
"Slc15a3",1,0.615802991388427,0.759989587400755,0.69542715349167,0.569207294921165,"up-regulated","up-regulated"
"Slc16a1",1,0.0504607946819761,0.035793309904985,0.0483516483516484,0.047082758119596,"down-regulated","down-regulated"
"Slc1a2",1,0.0438888049554313,0.0147077964336848,0.0240340304856434,0.0491171982852576,"down-regulated","down-regulated"
"Slc1a3",1,0.377700558996827,0.311597032409215,0.480397022332506,0.314393664172055,"down-regulated","down-regulated"
"Slc35b2",1,0.301933826862064,0.262397500976181,0.305281814959234,0.30683717212817,"down-regulated","down-regulated"
"Slc37a2",1,0.242634839099562,0.172979304959,0.242821694434598,0.240863183898859,"down-regulated","down-regulated"
"Slc4a4",1,0.0172231454902553,0.00989196928283223,0.0127614321162708,0.0400348761171256,"down-regulated","down-regulated"
"Slc7a11",1,0.0357304728810999,0.0688533125081348,0.0211981566820276,0.0597253505776357,"up-regulated","up-regulated"
"Slfn2",1,0.115878531500227,0.190680723675648,0.0733073378234669,0.114291942163772,"up-regulated","up-regulated"
"Smarca2",1,0.151835624716725,0.126122608356111,0.14959234314073,0.164716994841241,"down-regulated","down-regulated"
"Smpdl3a",1,0.117615954071612,0.096186385526487,0.10272952853598,0.0990336409213108,"down-regulated","down-regulated"
"Snhg12",1,0.160975978244448,0.220616946505271,0.157887274016306,0.153236939620722,"up-regulated","up-regulated"
"Snn",1,0.187490557486025,0.120135363790186,0.194328252392769,0.174816537092204,"down-regulated","down-regulated"
"Snx29",1,0.232210303671249,0.173890407392945,0.220205600850762,0.229455787255686,"down-regulated","down-regulated"
"Socs3",1,0.494410031726847,0.78380840817389,0.653598014888337,0.58853447649495,"up-regulated","up-regulated"
"Son",1,1.12041093820819,1.14981127163868,1.13938319744771,1.25975441400857,"down-regulated","notAll"
"Sox5",1,0.003928085813567,0.00351425224521671,0.00418291386033322,0.00741117488919567,"down-regulated","down-regulated"
"Sparcl1",1,0.162486780480435,0.129767018091891,0.180786954980503,0.199665770544213,"down-regulated","down-regulated"
"Specc1",1,0.312131741954978,0.228166080957959,0.280467919177597,0.299353338661629,"down-regulated","down-regulated"
"Spint2",1,0.0209246109684242,0.0480281140179617,0.0331797235023042,0.0183826200682991,"up-regulated","up-regulated"
"Sqstm1",1,0.348013295059677,0.568267603800599,0.369088975540588,0.413209329361331,"up-regulated","up-regulated"
"Srebf1",1,0.0405650400362593,0.0434726018482364,0.0453030840127614,0.049625808326673,"down-regulated","notAll"
"Srsf9",1,0.424535428312434,0.360275933879995,0.448068060971287,0.402528518491608,"down-regulated","down-regulated"
"St3gal6",1,0.619428916754797,0.578419888064558,0.635164835164835,0.665407251326019,"down-regulated","down-regulated"
"Stard9",1,0.1785768242937,0.142522452167122,0.182913860333215,0.182300370558744,"down-regulated","down-regulated"
"Stk10",1,0.104849675177519,0.0895483535077444,0.0987593052109181,0.132238610768001,"down-regulated","down-regulated"
"Syngr1",1,0.767940776552349,0.911102433945074,0.620701878766395,0.78485795248129,"up-regulated","up-regulated"
"Syt11",1,0.0697990633026137,0.0740596121306781,0.0559376107763205,0.0874809271234469,"down-regulated","notAll"
"Syt7",1,0.00105756156519112,0.00403488220747104,0.000567174760723148,0.00152583012424617,"up-regulated","up-regulated"
"Tacc1",1,0.775948028403082,0.701028244175452,0.689684509039348,0.773087262951391,"down-regulated","notAll"
"Tagln2",1,0.208490708566249,0.262657815957308,0.195604395604396,0.22262588098525,"up-regulated","up-regulated"
"Tapbp",1,0.471068137180843,0.396850188728361,0.453030840127614,0.461018673254378,"down-regulated","down-regulated"
"Tcf4",1,0.560205469104094,0.483535077443707,0.525062034739454,0.551187967739592,"down-regulated","down-regulated"
"Tcim",1,0.225411693609307,0.229467655863595,0.292449485997873,0.140884981472063,"up-regulated","notAll"
"Tcirg1",1,0.376038676537241,0.319016009371339,0.419567529244949,0.350504977112548,"down-regulated","down-regulated"
"Tet3",1,0.215138238404593,0.161134973317714,0.186954980503368,0.199593111966868,"down-regulated","down-regulated"
"Tgfb1",1,0.930200936697386,0.801379669399974,0.888550159517902,0.916733270362566,"down-regulated","down-regulated"
"Tgfbr2",1,0.36667170267412,0.354549004295197,0.296632399858206,0.4055801787401,"down-regulated","notAll"
"Timp3",1,0.0583169663091101,0.0846023688663283,0.0830202056008508,0.0717866744169149,"up-regulated","up-regulated"
"Tjp1",1,0.123734703127361,0.106078354809319,0.102587734845799,0.151638450919131,"down-regulated","notAll"
"Tlr2",1,0.400740293095634,0.613171938045034,0.350584898971996,0.366998474169876,"up-regulated","up-regulated"
"Tm2d2",1,0.299214382837287,0.26200702850449,0.319177596596951,0.264695197268037,"down-regulated","down-regulated"
"Tmbim6",1,1.56685299894244,1.2994923857868,1.37497341368309,1.43188258373901,"down-regulated","down-regulated"
"Tmem141",1,0.157501133101677,0.110633866979045,0.152570010634527,0.142628787328344,"down-regulated","down-regulated"
"Tmem47",1,0.0170720652666566,0.0173109462449564,0.0258064516129032,0.0241953062559035,"down-regulated","notAll"
"Tmprss5",1,0.000302160447197462,0.0014317323961994,0.000425381070542361,0.00334229455787256,"down-regulated","notAll"
"Tnf",1,0.275570327844085,0.569439021215671,0.337894363700815,0.36576327835501,"up-regulated","up-regulated"
"Tnfrsf13b",1,0.170116331772171,0.117922686450605,0.173909961006735,0.180556564702463,"down-regulated","down-regulated"
"Tnfrsf21",1,0.222163468801934,0.173890407392945,0.287415809996455,0.223497783913391,"down-regulated","down-regulated"
"Tns3",1,0.223523190814322,0.196277495769882,0.194115561857497,0.231853520308072,"down-regulated","notAll"
"Tpcn1",1,0.152817646170116,0.105557724847065,0.153704360155973,0.146988301969047,"down-regulated","down-regulated"
"Tpm3",1,0.445460039280858,0.49199531433034,0.327756114852889,0.574656688222045,"down-regulated","notAll"
"Tpm3-rs7",1,0.188170418492219,0.034231420018222,0.314073023750443,0.0111894209111386,"up-regulated","notAll"
"Tpp2",1,0.217026741199577,0.201353637901861,0.236866359447005,0.230690983070551,"down-regulated","down-regulated"
"Trf",1,1.67064511255477,1.78406872315502,1.66678482807515,1.74758410230328,"up-regulated","up-regulated"
"Trip12",1,0.147303218008763,0.113237016790316,0.124140375753279,0.149604010753469,"down-regulated","down-regulated"
"Tspan14",1,0.405046079468198,0.301705063126383,0.377171215880893,0.354501198866526,"down-regulated","down-regulated"
"Tspan15",1,0.0107266958755099,0.012755434075231,0.0136121942573555,0.0269563321950156,"down-regulated","notAll"
"Tspan33",1,0.108702220879287,0.103605362488611,0.119390287132223,0.142338153018964,"down-regulated","down-regulated"
"Tspan4",1,0.192325124641184,0.251334114278277,0.141084721729883,0.286129477584829,"down-regulated","notAll"
"Tspo",1,0.375207735307448,0.412989717558245,0.282169443459766,0.313667078398605,"up-regulated","up-regulated"
"Ttyh1",1,0.0241728357757969,0.0183522061694651,0.0226160935838355,0.0430138777882729,"down-regulated","down-regulated"
"Tuba1a",1,0.413431031877927,0.382663022256931,0.427295285359801,0.484632710891521,"down-regulated","down-regulated"
"Tuba1b",1,0.546683789092008,0.440322790576598,0.477348457993619,0.521833902492189,"down-regulated","down-regulated"
"Txn1",1,0.267789696328751,0.22530261616556,0.247004608294931,0.242243696868415,"down-regulated","down-regulated"
"Ubc",1,2.21755552198217,6.14968111414812,2.25480326125487,6.30952553948994,"down-regulated","notAll"
"Ubl3",1,0.425064209095029,0.44657035012365,0.402977667493797,0.539998546828453,"down-regulated","notAll"
"Ubxn1",1,0.325426801631666,0.327606403748536,0.315561857497341,0.282641865872266,"up-regulated","up-regulated"
"Uqcrh",1,0.78093367578184,0.822855655342965,0.647997164126196,0.70566010317518,"up-regulated","up-regulated"
"Usp35",1,0.0793926575011331,0.0480281140179617,0.0631690889755406,0.07847126353266,"down-regulated","down-regulated"
"Usp8",1,0.231530442665055,0.185995054015359,0.223112371499468,0.22233524667587,"down-regulated","down-regulated"
"Vamp8",1,0.585284786221484,0.511518937914877,0.56944345976604,0.542759572767565,"down-regulated","down-regulated"
"Vasp",1,0.307523795135217,0.293765456202004,0.29911378943637,0.359805275012715,"down-regulated","down-regulated"
"Vav1",1,0.367276023568515,0.279708447221138,0.3837646224743,0.348034585482816,"down-regulated","down-regulated"
"Vim",1,0.161127058468047,0.163998438110113,0.164622474299894,0.174889195669549,"down-regulated","notAll"
"Vps18",1,0.194591327995165,0.223610568788234,0.186387805742644,0.288454552059871,"down-regulated","notAll"
"Vps37b",1,0.181825049101073,0.18495379409085,0.188585607940447,0.235341132020635,"down-regulated","notAll"
"Vps4b",1,0.161202598579846,0.129246388129637,0.170577809287487,0.149821986485505,"down-regulated","down-regulated"
"Vtn",1,0.420305182051669,0.3052193153716,0.659269762495569,0.636707113274722,"down-regulated","down-regulated"
"Wdfy2",1,0.100090648134159,0.0775738643758948,0.100460829493088,0.1175615781443,"down-regulated","down-regulated"
"Wdr44",1,0.163846502492824,0.111284654431863,0.14420418291386,0.154326818280898,"down-regulated","down-regulated"
"Whrn",1,0.153270886840913,0.110503709488481,0.181566820276498,0.167841313667078,"down-regulated","down-regulated"
"Wls",1,0.229944100317268,0.167642847845894,0.216518964906062,0.200029063430938,"down-regulated","down-regulated"
"Wnt6",1,0.00128418190058921,0.000780944943381492,0.00141793690180787,0.00530407614618906,"down-regulated","down-regulated"
"Ypel3",1,0.638918265599033,0.51997917480151,0.595675292449486,0.592458039671583,"down-regulated","down-regulated"
"Ywhae",1,0.701843178727904,0.598333984120786,0.666501240694789,0.681537455496621,"down-regulated","down-regulated"
"Ywhah",1,1.29445535579393,0.818169985682676,1.25629209500177,0.906343093802223,"down-regulated","down-regulated"
"Zbtb18",1,0.112177066022058,0.0934530782246518,0.136405529953917,0.126280607425707,"down-regulated","down-regulated"
"Zbtb7a",1,0.26552349297477,0.262267343485618,0.27571783055654,0.31388505413064,"down-regulated","down-regulated"
"Zfand5",1,0.703127360628494,0.960432122868671,0.842467210209146,0.991208312141248,"down-regulated","notAll"
"Zfhx3",1,0.81190512161958,0.66822855655343,0.846295639844027,0.790234687204824,"down-regulated","down-regulated"
"Zfp706",1,0.378758120562018,0.341272940257712,0.360723147819922,0.419603284167696,"down-regulated","down-regulated"
"Zfp710",1,0.213249735609609,0.151633476506573,0.200283587380362,0.222916515294631,"down-regulated","down-regulated"
